plug_id;well_id;depth;stratigraphic_group
383;6635;2580,39;SCANDIUM
384;6635;2637,81;CALCIUM
385;6635;2638,7;CALCIUM
386;6635;2641,29;CALCIUM
387;6635;2643,42;CALCIUM
388;6635;2644,61;CALCIUM
389;6635;2837,64;TITANIUM
390;6635;2840,79;TITANIUM
391;6635;2843;TITANIUM
392;6635;2843,34;TITANIUM
393;6635;2845,46;TITANIUM
394;6635;2848,61;TITANIUM
395;6635;2850,94;TITANIUM
396;6635;2850,99;TITANIUM
397;6635;2852,35;TITANIUM
398;6635;2852,35;TITANIUM
399;6635;2853,71;TITANIUM
400;6635;2853,83;TITANIUM
401;6635;2854,77;TITANIUM
402;6635;2857,02;TITANIUM
403;6635;2859,7;TITANIUM
404;6635;2859,83;TITANIUM
405;6635;2860,59;TITANIUM
406;6635;2860,63;TITANIUM
407;6635;2862,8;TITANIUM
408;6635;2866,2;TITANIUM
409;6635;2866,37;TITANIUM
410;6635;2868,03;TITANIUM
411;6635;2868,62;TITANIUM
412;6635;2871,64;TITANIUM
413;6635;2871,81;TITANIUM
414;6635;2873,17;VANADIUM
415;6635;2873,6;VANADIUM
416;6635;2876,83;VANADIUM
417;6635;2880,57;VANADIUM
418;6635;2881,46;VANADIUM
419;6635;2881,5;VANADIUM
420;6635;2639,17;CALCIUM
421;6635;2639,68;CALCIUM
422;6635;2639,93;CALCIUM
423;6635;2644,86;CALCIUM
424;6635;2646,31;CALCIUM
425;6635;2839,68;TITANIUM
426;6635;2843,74;TITANIUM
427;6635;2856,13;TITANIUM
428;6635;2856,62;TITANIUM
429;6635;2863,4;TITANIUM
430;6635;;
431;6635;2640,19;CALCIUM
432;6635;2642,52;CALCIUM
433;6635;2646,01;CALCIUM
434;6635;;
435;6635;2843,72;TITANIUM
436;6635;2845,46;TITANIUM
437;6635;2854,13;TITANIUM
438;6635;;
439;6635;;
440;6635;2641,63;CALCIUM
441;6635;2642,82;CALCIUM
442;6635;2643,71;CALCIUM
443;6635;;
444;6635;2839,55;TITANIUM
445;6635;2840,15;TITANIUM
446;6635;2847,76;TITANIUM
447;6635;2859,1;TITANIUM
448;6635;2859,4;TITANIUM
449;6635;2637,81;CALCIUM
450;6635;2638,7;CALCIUM
451;6635;2644,61;CALCIUM
452;6635;2850,99;TITANIUM
453;6635;2857,02;TITANIUM
454;6635;2873,6;VANADIUM
455;6635;2880,57;VANADIUM
456;6635;2881,46;VANADIUM
457;6635;2577,41;SCANDIUM
458;6635;2577,84;SCANDIUM
459;6635;2578,26;SCANDIUM
460;6635;2580,09;SCANDIUM
461;6635;2580,39;SCANDIUM
462;6635;2583,36;SCANDIUM
463;6635;2637,55;CALCIUM
464;6635;2637,81;CALCIUM
465;6635;2638,1;CALCIUM
466;6635;2638,4;CALCIUM
467;6635;2638,7;CALCIUM
468;6635;2638,95;CALCIUM
469;6635;2639,34;CALCIUM
470;6635;2639,68;CALCIUM
471;6635;2639,93;CALCIUM
472;6635;2640,19;CALCIUM
473;6635;2640,44;CALCIUM
474;6635;2640,74;CALCIUM
475;6635;2641,04;CALCIUM
476;6635;2641,29;CALCIUM
477;6635;2641,63;CALCIUM
478;6635;2641,97;CALCIUM
479;6635;2642,27;CALCIUM
480;6635;2642,52;CALCIUM
481;6635;2642,82;CALCIUM
482;6635;2643,12;CALCIUM
483;6635;2643,42;CALCIUM
484;6635;2643,71;CALCIUM
485;6635;2644,01;CALCIUM
486;6635;2644,31;CALCIUM
487;6635;2644,61;CALCIUM
488;6635;2645,12;CALCIUM
489;6635;2645,33;CALCIUM
490;6635;2645,63;CALCIUM
491;6635;2646,01;CALCIUM
492;6635;2646,31;CALCIUM
493;6635;2837,34;TITANIUM
494;6635;2837,64;TITANIUM
495;6635;2838,07;TITANIUM
496;6635;2838,36;TITANIUM
497;6635;2838,66;TITANIUM
498;6635;2838,96;TITANIUM
499;6635;2839,26;TITANIUM
500;6635;2839,55;TITANIUM
501;6635;2839,85;TITANIUM
502;6635;2840,15;TITANIUM
503;6635;2840,45;TITANIUM
504;6635;2840,74;TITANIUM
505;6635;2841,04;TITANIUM
506;6635;2841,34;TITANIUM
507;6635;2841,64;TITANIUM
508;6635;2841,93;TITANIUM
509;6635;2842,32;TITANIUM
510;6635;2842,53;TITANIUM
511;6635;2843;TITANIUM
512;6635;2843,42;TITANIUM
513;6635;2843,72;TITANIUM
514;6635;2843,97;TITANIUM
515;6635;2844,27;TITANIUM
516;6635;2844,53;TITANIUM
517;6635;2844,82;TITANIUM
518;6635;2845,12;TITANIUM
519;6635;2845,46;TITANIUM
520;6635;2845,8;TITANIUM
521;6635;2846,1;TITANIUM
522;6635;2846,35;TITANIUM
523;6635;2846,65;TITANIUM
524;6635;2846,95;TITANIUM
525;6635;2847,2;TITANIUM
526;6635;2847,5;TITANIUM
527;6635;2847,76;TITANIUM
528;6635;2848,05;TITANIUM
529;6635;2848,35;TITANIUM
530;6635;2848,61;TITANIUM
531;6635;2848,9;TITANIUM
532;6635;2849,75;TITANIUM
533;6635;2850,56;TITANIUM
534;6635;2850,94;TITANIUM
535;6635;2851,24;TITANIUM
536;6635;2851,5;TITANIUM
537;6635;2851,79;TITANIUM
538;6635;2852,05;TITANIUM
539;6635;2852,35;TITANIUM
540;6635;2852,64;TITANIUM
541;6635;2852,94;TITANIUM
542;6635;2853,24;TITANIUM
543;6635;2853,54;TITANIUM
544;6635;2853,83;TITANIUM
545;6635;2854,13;TITANIUM
546;6635;2854,43;TITANIUM
547;6635;2854,77;TITANIUM
548;6635;2855,02;TITANIUM
549;6635;2855,28;TITANIUM
550;6635;2855,58;TITANIUM
551;6635;2855,83;TITANIUM
552;6635;2856,13;TITANIUM
553;6635;2856,38;TITANIUM
554;6635;2856,77;TITANIUM
555;6635;2857,02;TITANIUM
556;6635;2859,1;TITANIUM
557;6635;2859,4;TITANIUM
558;6635;2859,7;TITANIUM
559;6635;2860;TITANIUM
560;6635;2860,29;TITANIUM
561;6635;2860,59;TITANIUM
562;6635;2862,8;TITANIUM
563;6635;2863,1;TITANIUM
564;6635;2863,4;TITANIUM
565;6635;2865,27;TITANIUM
566;6635;2865,48;TITANIUM
567;6635;2865,82;TITANIUM
568;6635;2866,2;TITANIUM
569;6635;2866,5;TITANIUM
570;6635;2866,8;TITANIUM
571;6635;2867,05;TITANIUM
572;6635;2867,35;TITANIUM
573;6635;2867,73;TITANIUM
574;6635;2868,03;TITANIUM
575;6635;2868,33;TITANIUM
576;6635;2868,62;TITANIUM
577;6635;2869,35;TITANIUM
578;6635;2869,86;TITANIUM
579;6635;2870,2;TITANIUM
580;6635;2870,92;TITANIUM
581;6635;2871,3;TITANIUM
582;6635;2871,81;TITANIUM
583;6635;2872,07;TITANIUM
584;6635;2872,36;VANADIUM
585;6635;2872,66;VANADIUM
586;6635;2872,96;VANADIUM
587;6635;2873,3;VANADIUM
588;6635;2873,6;VANADIUM
589;6635;2873,89;VANADIUM
590;6635;2874,11;VANADIUM
591;6635;2874,4;VANADIUM
592;6635;2875,3;VANADIUM
593;6635;2875,59;VANADIUM
594;6635;2875,85;VANADIUM
595;6635;2876,15;VANADIUM
596;6635;2876,44;VANADIUM
597;6635;2876,87;VANADIUM
598;6635;2877,63;VANADIUM
599;6635;2880,57;VANADIUM
600;6635;2880,82;VANADIUM
601;6635;2881,2;VANADIUM
602;6635;2881,46;VANADIUM
1200;6061;1816,05;ALUMINIUM
1201;6061;1816,09;ALUMINIUM
1202;6061;1816,14;ALUMINIUM
1203;6061;1816,18;ALUMINIUM
1204;6061;1816,22;ALUMINIUM
1205;6061;1816,26;ALUMINIUM
1206;6061;1816,32;ALUMINIUM
1207;6061;1816,32;ALUMINIUM
1208;6061;1816,88;ALUMINIUM
1209;6061;1818,58;ALUMINIUM
1210;6061;1818,58;ALUMINIUM
1211;6061;1819,43;ALUMINIUM
1212;6061;1821,08;ALUMINIUM
1213;6061;1821,64;ALUMINIUM
1214;6061;1821,64;ALUMINIUM
1215;6061;1821,7;ALUMINIUM
1216;6061;1821,75;ALUMINIUM
1217;6061;1821,79;ALUMINIUM
1218;6061;1821,83;ALUMINIUM
1219;6061;1821,87;ALUMINIUM
1220;6061;1821,92;ALUMINIUM
1221;6061;1822,66;ALUMINIUM
1222;6061;1823,68;ALUMINIUM
1223;6061;1825,33;ALUMINIUM
1224;6061;1825,33;ALUMINIUM
1225;6061;1825,4;ALUMINIUM
1226;6061;1825,44;ALUMINIUM
1227;6061;1825,49;ALUMINIUM
1228;6061;1825,53;ALUMINIUM
1229;6061;1825,57;ALUMINIUM
1230;6061;1825,61;ALUMINIUM
1231;6061;1826,18;ALUMINIUM
1232;6061;1826,91;ALUMINIUM
1233;6061;1826,91;ALUMINIUM
1234;6068;1905,15;ALUMINIUM
1235;6068;1909,98;ALUMINIUM
1236;6068;1910,02;ALUMINIUM
1237;6068;1910,06;ALUMINIUM
1238;6068;1910,14;ALUMINIUM
1239;6068;1910,55;ALUMINIUM
1240;6068;1922,11;ALUMINIUM
1241;6068;1924,72;ALUMINIUM
1242;6068;1928,82;ALUMINIUM
1243;6068;1930,27;ALUMINIUM
1244;6068;1938,81;ALUMINIUM
1245;6068;1939,14;ALUMINIUM
1246;6068;1939,28;ALUMINIUM
1247;6068;1944,46;ALUMINIUM
1248;6068;1945,23;ALUMINIUM
1249;6068;1947,52;ALUMINIUM
1250;6067;2066,88;ALUMINIUM
1251;6067;2079,95;ALUMINIUM
1252;6067;2086,24;ALUMINIUM
1253;6067;2086,67;ALUMINIUM
1254;6067;2093,72;ALUMINIUM
1255;6067;2129,73;SILICON
1256;6067;2129,77;SILICON
1257;6067;2129,81;SILICON
1258;6066;2030,82;ALUMINIUM
1259;6066;2033,03;ALUMINIUM
1260;6066;2041,87;ALUMINIUM
1261;6066;2042,42;ALUMINIUM
1262;6066;2044,68;ALUMINIUM
1263;6066;2045,47;ALUMINIUM
1264;6066;2049,35;ALUMINIUM
1265;6066;2051,05;ALUMINIUM
1266;6066;2052,75;ALUMINIUM
1267;6066;2054,62;ALUMINIUM
1268;6066;2061,46;ALUMINIUM
1269;6066;2061,96;ALUMINIUM
1270;6066;2062,01;ALUMINIUM
1271;6066;2064,74;ALUMINIUM
1272;6066;2064,83;ALUMINIUM
1273;6066;2065,93;ALUMINIUM
1274;6066;2041,06;ALUMINIUM
1280;5172;2675,67;NITROGEN
1281;5172;2677,92;CARBON
1282;5172;2680,07;CARBON
1283;5172;2682,04;CARBON
1284;5172;2683,1;CARBON
1285;5172;2693,09;CARBON
1286;5172;2699,7;CARBON
1287;5172;2717,17;CARBON
1288;5172;2725,11;CARBON
1289;5172;2735,67;CARBON
1290;5172;2761,36;BORON
1291;5172;2763,02;BORON
1292;5172;2763,26;BORON
1293;5172;2764,77;BORON
1294;5172;2769,11;BORON
1295;5172;2770,8;BORON
1296;5172;2776,86;BORON
1297;5172;2779,37;BORON
1298;5172;2781,7;BORON
1299;5172;2784,53;BORON
1300;5852;1596,64;
1301;5852;1600,31;
1302;5852;1602,86;
1303;5852;1607,73;
1304;5852;1611,3;
1305;5944;2841,48;NEON
1306;5944;2842,56;NEON
1307;5944;2846,24;NEON
1308;5944;2849,39;NEON
1309;5944;2855,02;NEON
1310;5944;2856,3;NEON
1311;5944;2866,88;NEON
1312;5944;2868,85;NEON
1313;5944;2871,62;NEON
1314;5944;2921,01;SODIUM
1315;5944;2925,73;SODIUM
1316;5944;2932,63;SODIUM
1317;5944;2936,86;SODIUM
1318;5952;1663,17;OXYGEN
1319;5952;1663,22;OXYGEN
1320;5952;1664,91;OXYGEN
1321;5952;1668,18;OXYGEN
1322;5952;1668,24;OXYGEN
1323;5952;1668,3;OXYGEN
1324;5952;1670,02;OXYGEN
1325;5952;1671,39;OXYGEN
1326;5952;1671,41;OXYGEN
1327;5952;1674,87;OXYGEN
1328;5952;1676,86;OXYGEN
1329;5952;1683,56;OXYGEN
1330;5952;1686,67;OXYGEN
1331;5952;1686,69;OXYGEN
1332;5952;1691,97;OXYGEN
1333;5952;1692;OXYGEN
1334;5952;1699,42;OXYGEN
1335;5952;1699,46;OXYGEN
1336;5952;1703,06;OXYGEN
1337;5952;1704,8;OXYGEN
1338;5952;1709,87;OXYGEN
1339;5952;1709,89;OXYGEN
1340;4987;3433,07;HELIUM
1341;4987;3433,07;HELIUM
1342;4987;3433,04;HELIUM
1343;4987;3437,01;HELIUM
1344;4987;3437,01;HELIUM
1345;4987;3437,03;HELIUM
1346;4987;3441,24;HELIUM
1347;4987;3441,24;HELIUM
1348;4987;3441,28;HELIUM
1349;4987;3443,73;HELIUM
1350;4987;3443,73;HELIUM
1351;4987;3443,7;HELIUM
1352;4987;3443,71;HELIUM
1353;4987;3444,93;HELIUM
1354;4987;3444,93;HELIUM
1355;4987;3444,94;HELIUM
1356;4987;3444,9;HELIUM
1357;4987;3446,03;HELIUM
1358;4987;3446,03;HELIUM
1359;4987;3445,99;HELIUM
1360;4987;3445,97;HELIUM
1361;4987;3448,65;HELIUM
1362;4987;3448,65;HELIUM
1363;4987;3448,61;HELIUM
1364;4987;3459,35;HELIUM
1365;4987;3459,35;HELIUM
1366;4987;3459,38;HELIUM
1367;4987;3460,99;HELIUM
1368;4987;3460,99;HELIUM
1369;4987;3461,03;HELIUM
1370;4987;3461,07;HELIUM
1371;4987;3461,12;HELIUM
1372;4987;3462,13;HELIUM
1373;4987;3462,13;HELIUM
1374;4987;3462,16;HELIUM
1375;4987;3462,2;HELIUM
1376;4987;3466,33;HELIUM
1377;4987;3466,33;HELIUM
1378;4987;3466,36;HELIUM
1379;4987;3466,39;HELIUM
1380;4987;3472,32;HELIUM
1381;4987;3472,32;HELIUM
1382;4987;3472,35;HELIUM
1383;4987;3474,03;HELIUM
1384;4987;3474,03;HELIUM
1385;4987;3474,06;HELIUM
1386;4987;3474,1;HELIUM
1387;4987;3475,27;HELIUM
1388;4987;3475,27;HELIUM
1389;4987;3475,3;HELIUM
1390;4987;3475,34;HELIUM
1391;4987;3478,48;HELIUM
1392;4987;3478,48;HELIUM
1393;4987;3478,51;HELIUM
1394;4987;3482,3;HELIUM
1395;4987;3482,3;HELIUM
1396;4987;3482,33;HELIUM
1397;4987;3482,37;HELIUM
1398;4987;3482,82;HELIUM
1399;4987;3482,87;HELIUM
1400;4987;3482,87;HELIUM
1401;4987;3486,55;HELIUM
1402;4987;3486,59;HELIUM
1403;4987;3486,59;HELIUM
1404;4987;3486,62;HELIUM
1405;4987;3489,34;HELIUM
1406;4987;3489,39;HELIUM
1407;4987;3489,42;HELIUM
1408;4987;3489,42;HELIUM
1409;4987;3491;HELIUM
1410;4987;3491;HELIUM
1411;4987;3491,04;HELIUM
1412;4987;3491,08;HELIUM
1413;4987;3492,62;HELIUM
1414;4987;3492,67;HELIUM
1415;4987;3492,67;HELIUM
1416;4987;3492,7;HELIUM
1417;4987;3494;HELIUM
1418;4987;3494;HELIUM
1419;4987;3494,04;HELIUM
1420;4987;3494,07;HELIUM
1421;4987;3498,88;HELIUM
1422;4987;3498,88;HELIUM
1423;4987;3498,91;HELIUM
1424;4987;3500,16;HELIUM
1425;4987;3500,2;HELIUM
1426;4987;3500,2;HELIUM
1427;4987;3502,23;HELIUM
1428;4987;3502,23;HELIUM
1429;4987;3502,26;HELIUM
1430;4987;3502,3;HELIUM
1431;4987;3509,82;HELIUM
1432;4987;3509,82;HELIUM
1433;4987;3509,85;HELIUM
1434;4987;3509,9;HELIUM
1435;4987;3511,06;HELIUM
1436;4987;3511,1;HELIUM
1437;4987;3511,1;HELIUM
1438;4987;3511,14;HELIUM
1439;4987;3512,49;HELIUM
1440;4987;3512,52;HELIUM
1441;4987;3512,52;HELIUM
1442;4987;3512,55;HELIUM
1443;4993;3297,7;LITHIUM
1444;4993;3316,25;BERYLLIUM
1445;4993;3316,29;BERYLLIUM
1446;4993;3319,64;BERYLLIUM
1447;4993;3319,68;BERYLLIUM
1448;4993;3319,73;BERYLLIUM
1449;4993;3322,14;BERYLLIUM
1450;4993;3322,18;BERYLLIUM
1451;4993;3323,96;BERYLLIUM
1452;4993;3324;BERYLLIUM
1453;4993;3324,04;BERYLLIUM
1454;4993;3328,56;BERYLLIUM
1455;4993;3328,6;BERYLLIUM
1456;4993;3328,63;BERYLLIUM
1457;4993;3332,67;BERYLLIUM
1458;4993;3316,47;BERYLLIUM
1459;4993;3316,51;BERYLLIUM
1460;4993;3318,38;BERYLLIUM
1461;4993;3318,43;BERYLLIUM
1462;4993;3320,92;BERYLLIUM
1463;4993;3320,98;BERYLLIUM
1464;4993;3321,02;BERYLLIUM
1465;4993;3321,06;BERYLLIUM
1466;4993;3323,81;BERYLLIUM
1467;4993;3323,86;BERYLLIUM
1468;4993;3326,6;BERYLLIUM
1469;4993;3326,65;BERYLLIUM
1470;4993;3326,69;BERYLLIUM
1471;4993;3326,72;BERYLLIUM
1472;4993;3331,37;BERYLLIUM
1473;4993;3331,41;BERYLLIUM
1474;4993;3331,44;BERYLLIUM
1497;5033;2665,68;BORON
1498;5033;2666,2;BORON
1499;5033;2662,82;BORON
1500;5033;2669,3;BORON
1501;5033;2658,68;BORON
1502;5033;2629,14;BORON
1503;5033;2630,95;BORON
1504;5033;2625,26;BORON
1505;5033;2659,45;BORON
1506;5033;2674,75;BORON
1507;5033;2573,44;CARBON
1508;5033;2673,45;BORON
1509;5033;2570,08;CARBON
1510;5033;2663,34;BORON
1511;5033;2677,08;BORON
1512;5033;2572,66;CARBON
1513;5033;2726,56;BORON
1514;5033;2671,12;BORON
1515;5033;2694,43;BORON
1516;5033;2632,25;BORON
1517;5033;2687,44;BORON
1518;5033;2665,93;BORON
1519;5033;2683,29;BORON
1520;5033;2625,78;BORON
1521;5033;2561,01;CARBON
1522;5033;2682,25;BORON
1523;5033;2696,51;BORON
1524;5033;2749,1;BORON
1525;5033;2750,13;BORON
1557;5238;2881,5;BORON
1558;5238;2883,2;BORON
1559;5238;2886,6;BORON
1560;5238;2891,7;BORON
1561;5238;2898,5;BORON
1562;5238;2903,48;BORON
1563;5238;2908,24;BORON
1564;5238;2913,16;BORON
1587;6041;1784,34;ALUMINIUM
1588;6041;1784,38;ALUMINIUM
1589;6041;1785,05;ALUMINIUM
1590;6041;1785,09;ALUMINIUM
1591;6041;1785,88;ALUMINIUM
1592;6041;1785,92;ALUMINIUM
1593;6041;1787,26;ALUMINIUM
1594;6041;1787,3;ALUMINIUM
1595;6041;1788,03;ALUMINIUM
1596;6041;1788,08;ALUMINIUM
1597;6041;1788,89;ALUMINIUM
1598;6041;1788,94;ALUMINIUM
1599;6041;1789,7;ALUMINIUM
1600;6041;1789,74;ALUMINIUM
1601;6041;1790,61;ALUMINIUM
1602;6041;1790,65;ALUMINIUM
1603;6041;1791,67;ALUMINIUM
1604;6041;1791,72;ALUMINIUM
1605;6041;1792,55;ALUMINIUM
1606;6041;1792,59;ALUMINIUM
1607;6041;1792,85;ALUMINIUM
1608;6041;1792,89;ALUMINIUM
1609;6041;1794,89;ALUMINIUM
1610;6041;1794,93;ALUMINIUM
1611;6041;1795,41;ALUMINIUM
1612;6041;1795,46;ALUMINIUM
1613;6041;1796,24;ALUMINIUM
1614;6041;1796,28;ALUMINIUM
1615;6041;1797,38;ALUMINIUM
1616;6041;1797,42;ALUMINIUM
1617;6041;1797,95;ALUMINIUM
1618;6041;1797,99;ALUMINIUM
1619;6041;1799,1;ALUMINIUM
1620;6041;1799,14;ALUMINIUM
1621;6041;1799,67;ALUMINIUM
1622;6041;1799,71;ALUMINIUM
1623;6041;1801,63;ALUMINIUM
1624;6041;1801,68;ALUMINIUM
1625;6041;1802,2;ALUMINIUM
1626;6041;1802,28;ALUMINIUM
1627;6041;1803,05;ALUMINIUM
1628;6041;1803,11;ALUMINIUM
1629;6041;1804,18;ALUMINIUM
1630;6041;1804,23;ALUMINIUM
1631;6041;1805,05;ALUMINIUM
1632;6041;1805,09;ALUMINIUM
1633;6041;1805,85;ALUMINIUM
1634;6041;1805,89;ALUMINIUM
1635;6041;1806,73;ALUMINIUM
1636;6041;1806,78;ALUMINIUM
1637;6041;1807,25;ALUMINIUM
1638;6041;1807,3;ALUMINIUM
1639;6041;1808,4;ALUMINIUM
1640;6041;1808,44;ALUMINIUM
1641;6041;1809,24;ALUMINIUM
1642;6041;1809,28;ALUMINIUM
1643;6041;1810,14;ALUMINIUM
1644;6041;1810,19;ALUMINIUM
1645;5892;1632,43;OXYGEN
1646;5892;1640,93;OXYGEN
1647;5892;1642,63;OXYGEN
1648;5892;1689,97;OXYGEN
1649;5892;1691,67;OXYGEN
1650;5892;1691,67;OXYGEN
1651;5892;1693,37;OXYGEN
1652;5892;1694,22;OXYGEN
1653;5892;1695,92;OXYGEN
1654;5892;1697,62;OXYGEN
1655;5892;1698,47;OXYGEN
1656;5892;1649,34;OXYGEN
1657;5892;1650,96;OXYGEN
1658;5892;1660,39;OXYGEN
1659;5892;1665,58;OXYGEN
1660;5892;1669,06;OXYGEN
1661;5892;1670,59;OXYGEN
1662;5892;1672,89;OXYGEN
1663;5892;1679,52;OXYGEN
1664;5892;1703,19;OXYGEN
1665;5892;1705,1;OXYGEN
1666;5892;1730,6;OXYGEN
1667;5892;1778,71;OXYGEN
1668;5892;1786,4;OXYGEN
1669;5892;1814,79;OXYGEN
1670;5892;1815,3;OXYGEN
1671;5892;1819,04;OXYGEN
1672;5892;1819,55;OXYGEN
1673;5892;1828,39;OXYGEN
1674;5892;1917,64;FLUORINE
1675;5892;1917,9;FLUORINE
1676;5892;1922,23;FLUORINE
1677;5892;1922,49;FLUORINE
1678;5892;1927,67;FLUORINE
1679;5892;1927,93;FLUORINE
1680;7129;2262,91;COPPER
1681;7129;2264,44;COPPER
1682;7129;2265,29;COPPER
1683;7129;2266,14;COPPER
1684;7129;2266,99;COPPER
1685;7129;2267,84;COPPER
1686;7129;2269,84;COPPER
1687;7129;2270,69;COPPER
1688;7129;2271,54;COPPER
1689;7129;2274,09;COPPER
1690;7129;2300,23;GALLIUM
1691;7129;2301,25;GALLIUM
1692;7129;2305,5;GALLIUM
1693;7129;2306,35;GALLIUM
1694;7129;2308,05;GALLIUM
1792;7161;1943,95;STRONTIUM
1793;7161;1951,6;STRONTIUM
1794;7161;1955;STRONTIUM
1795;7161;1961,8;STRONTIUM
1796;7161;1968,6;STRONTIUM
1797;7161;1971,15;STRONTIUM
1798;7161;1977,95;STRONTIUM
1799;7161;1981,35;STRONTIUM
1800;7161;1985,6;STRONTIUM
1801;7161;1989;STRONTIUM
1802;7161;1991,55;STRONTIUM
1803;7161;2000,05;STRONTIUM
1804;7161;2002,6;STRONTIUM
1805;7161;2011,95;STRONTIUM
1806;7161;2040;STRONTIUM
1807;7161;2050,2;STRONTIUM
1808;7161;2052,75;STRONTIUM
1809;7161;2057;STRONTIUM
1869;6032;1948,09;SODIUM
1870;6032;1949,56;SODIUM
1871;6032;1952;SODIUM
1872;6032;1948,05;SODIUM
1873;6032;1949,53;SODIUM
1874;6032;1951,94;SODIUM
1900;5943;3136,59;NEON
1901;5943;3141,83;NEON
1902;6494;3113,57;CHROMIUM
1903;6494;3114,03;CHROMIUM
1904;6494;3114,44;CHROMIUM
1905;6494;3114,97;CHROMIUM
1906;6494;3114,97;CHROMIUM
1907;6494;3115,05;CHROMIUM
1908;6494;3115,28;CHROMIUM
1909;6494;3116,03;CHROMIUM
1910;6494;3116,13;CHROMIUM
1911;6494;3116,46;CHROMIUM
1912;6494;3116,84;CHROMIUM
1913;6494;3116,84;CHROMIUM
1914;6494;3116,98;CHROMIUM
1915;6494;3117,45;CHROMIUM
1916;6494;3117,82;CHROMIUM
1917;6494;3118,24;CHROMIUM
1918;6494;3118,8;CHROMIUM
1919;6494;3118,8;CHROMIUM
1920;6494;3119,57;CHROMIUM
1921;6494;3119,64;CHROMIUM
1922;6494;3120,04;CHROMIUM
1923;6494;3120,38;CHROMIUM
1924;6494;3120,99;CHROMIUM
1925;6494;3120,99;CHROMIUM
1926;6494;3121,08;CHROMIUM
1927;6494;3121,23;CHROMIUM
1928;6494;3121,7;CHROMIUM
1929;6494;3122,08;CHROMIUM
1930;6494;3122,18;CHROMIUM
1931;6494;3122,18;CHROMIUM
1932;6494;3122,55;CHROMIUM
1933;6494;3122,93;CHROMIUM
1934;6494;3123,39;CHROMIUM
1935;6494;3124,05;CHROMIUM
1936;6494;3124,46;CHROMIUM
1937;6494;3124,46;CHROMIUM
1938;6494;3124,63;CHROMIUM
1939;6494;3125,05;CHROMIUM
1940;6494;3125,48;CHROMIUM
1941;6494;3126,33;CHROMIUM
1942;6494;3126,81;CHROMIUM
1943;6494;3126,81;CHROMIUM
1944;6494;3127,18;CHROMIUM
1945;6494;3127,26;CHROMIUM
1946;6494;3127,26;CHROMIUM
1947;6494;3127,34;CHROMIUM
1948;6494;3128,04;CHROMIUM
1949;6494;3128,09;CHROMIUM
1950;6494;3128,13;CHROMIUM
1951;6494;3128,39;CHROMIUM
1952;6494;3128,51;CHROMIUM
1953;6494;3128,51;CHROMIUM
1954;6494;3128,61;CHROMIUM
1955;6494;3128,88;CHROMIUM
1956;6494;3128,95;CHROMIUM
1957;6494;3128,99;CHROMIUM
1958;6494;3129,23;CHROMIUM
1959;6494;3129,34;CHROMIUM
1960;6494;3129,45;CHROMIUM
1961;6494;3129,45;CHROMIUM
1962;6494;3129,74;CHROMIUM
1963;6494;3130,01;CHROMIUM
1964;6494;3130,26;CHROMIUM
1965;6494;3130,59;CHROMIUM
1966;6494;3130,76;CHROMIUM
1967;6494;3130,76;CHROMIUM
1968;6494;3130,9;CHROMIUM
1969;6494;3131,14;CHROMIUM
1970;6494;3131,43;CHROMIUM
1971;6494;3131,52;CHROMIUM
1972;6494;3131,71;CHROMIUM
1973;6494;3131,99;CHROMIUM
1974;6494;3131,99;CHROMIUM
1975;6494;3132,28;CHROMIUM
1976;6494;3132,34;CHROMIUM
1977;6494;3132,55;CHROMIUM
1978;6494;3132,62;CHROMIUM
1979;6494;3133,05;CHROMIUM
1980;6494;3133,14;CHROMIUM
1981;6494;3133,19;CHROMIUM
1982;6494;3133,84;CHROMIUM
1983;6494;3133,84;CHROMIUM
1984;6494;3133,98;CHROMIUM
1985;6494;3134,39;CHROMIUM
1986;6494;3134,71;CHROMIUM
1987;6494;3135,16;CHROMIUM
1988;6494;3135,16;CHROMIUM
1989;6494;3135,47;CHROMIUM
1990;6494;3135,69;CHROMIUM
1991;6494;3135,74;CHROMIUM
1992;6494;3136,42;CHROMIUM
1993;6494;3136,42;CHROMIUM
1994;6494;3136,53;CHROMIUM
1995;6494;3137,38;CHROMIUM
1996;6494;3137,68;CHROMIUM
1997;6494;3138,01;CHROMIUM
1998;6494;3138,24;CHROMIUM
1999;6494;3139,08;CHROMIUM
2000;6494;3139,47;CHROMIUM
2001;6494;3139,63;CHROMIUM
2002;6494;3139,63;CHROMIUM
2003;6494;3139,83;CHROMIUM
2004;6494;3139,93;CHROMIUM
2005;6494;3140,25;CHROMIUM
2006;6494;3140,55;CHROMIUM
2007;6494;3140,78;CHROMIUM
2008;6494;3141,37;CHROMIUM
2009;6494;3141,37;CHROMIUM
2010;6494;3141,64;CHROMIUM
2011;6494;3142,35;CHROMIUM
2012;6494;3142,35;CHROMIUM
2013;6494;3142,49;CHROMIUM
2014;6494;3142,57;CHROMIUM
2015;6494;3142,64;CHROMIUM
2016;6494;3142,64;CHROMIUM
2017;6494;3142,97;CHROMIUM
2018;6494;3143,4;CHROMIUM
2019;6494;3143,44;CHROMIUM
2020;6494;3143,86;CHROMIUM
2021;6494;3143,86;CHROMIUM
2022;6494;3144,2;CHROMIUM
2023;6494;3144,26;CHROMIUM
2024;6494;3144,36;CHROMIUM
2025;6494;3144,61;CHROMIUM
2026;6494;3144,77;CHROMIUM
2027;6494;3145,05;CHROMIUM
2028;6494;3145,31;CHROMIUM
2029;6494;3145,72;CHROMIUM
2030;6494;3145,89;CHROMIUM
2031;6494;3146,09;CHROMIUM
2032;6494;3146,09;CHROMIUM
2033;6494;3146,64;CHROMIUM
2034;6494;3146,79;CHROMIUM
2035;6494;3147,08;CHROMIUM
2036;6494;3147,08;CHROMIUM
2037;6494;3147,41;CHROMIUM
2038;6494;3147,61;CHROMIUM
2039;6494;3147,81;CHROMIUM
2040;6494;3148,26;CHROMIUM
2041;6494;3148,49;CHROMIUM
2042;6494;3148,71;CHROMIUM
2043;6494;3149,34;CHROMIUM
2044;6494;3149,53;CHROMIUM
2045;6494;3149,53;CHROMIUM
2046;6494;3150,01;CHROMIUM
2047;6494;3150,14;CHROMIUM
2048;6494;3150,53;CHROMIUM
2049;6494;3150,99;CHROMIUM
2050;6494;3151,13;CHROMIUM
2051;6494;3151,13;CHROMIUM
2052;6494;3151,55;CHROMIUM
2053;6494;3151,84;CHROMIUM
2054;6494;3151,94;CHROMIUM
2055;6494;3152,68;CHROMIUM
2056;6494;3152,92;CHROMIUM
2057;6494;3153,02;CHROMIUM
2058;6494;3153,22;CHROMIUM
2059;6494;3153,38;CHROMIUM
2060;6494;3153,54;CHROMIUM
2061;6494;3153,72;CHROMIUM
2062;6494;3153,87;CHROMIUM
2063;6494;3153,87;CHROMIUM
2064;6494;3154,19;CHROMIUM
2065;6494;3154,38;CHROMIUM
2066;6494;3154,52;CHROMIUM
2067;6494;3155,23;CHROMIUM
2068;6494;3155,3;CHROMIUM
2069;6494;3155,58;CHROMIUM
2070;6494;3155,58;CHROMIUM
2071;6494;3155,68;CHROMIUM
2072;6494;3156,09;CHROMIUM
2073;6494;3156,2;CHROMIUM
2074;6494;3156,76;CHROMIUM
2075;6494;3156,94;CHROMIUM
2076;6494;3157,26;CHROMIUM
2077;6494;3157,26;CHROMIUM
2078;6494;3157,5;CHROMIUM
2079;6494;3157,79;CHROMIUM
2080;6494;3157,93;CHROMIUM
2081;6494;3158,46;CHROMIUM
2082;6494;3158,7;CHROMIUM
2083;6494;3158,7;CHROMIUM
2084;6494;3158,96;CHROMIUM
2085;6494;3159,17;CHROMIUM
2086;6494;3159,48;CHROMIUM
2087;6984;3599,19;NICKEL
2088;6984;3600,95;NICKEL
2089;6984;3603,52;NICKEL
2090;6984;3607,2;NICKEL
2091;6984;3614,75;NICKEL
2092;6984;3617,73;NICKEL
2093;6984;3619,43;NICKEL
2094;6984;3621,32;NICKEL
2095;6984;3668,35;COPPER
2096;6984;3674,77;COPPER
2097;6984;3678,43;COPPER
2098;6984;3679,34;COPPER
2099;6984;3679,99;COPPER
2100;6984;3682,09;COPPER
2101;6984;3682,74;COPPER
2102;6984;3682,78;COPPER
2103;6984;3684,13;COPPER
2104;6984;3690,49;COPPER
2105;6984;3690,53;COPPER
2106;6984;3696,96;COPPER
2107;6984;3705,69;COPPER
2108;6984;3709,52;COPPER
2109;6984;3783,04;ZINC
2110;6984;3792,32;ZINC
2111;6984;3794,97;ZINC
2112;6984;3799,86;ZINC
2113;6984;3804,92;ZINC
2114;6984;3809,78;ZINC
2115;6984;3813,84;ZINC
2116;6984;3834,1;GALLIUM
2117;6984;3835,89;GALLIUM
2118;6984;3836,5;GALLIUM
2119;6984;3840,76;GERMANIUM
2120;6984;3878,92;GERMANIUM
2121;6984;3883,33;GERMANIUM
2122;6984;3888,44;GERMANIUM
2123;6984;3893,51;GERMANIUM
2124;6984;3893,55;GERMANIUM
2125;6984;3894,34;GERMANIUM
2126;6984;3901,76;GERMANIUM
2127;6984;3914,96;GERMANIUM
2128;6984;3915,21;GERMANIUM
2129;6984;3936,62;GERMANIUM
2130;6984;3600,95;NICKEL
2131;6984;3607,2;NICKEL
2132;6984;3614,75;NICKEL
2133;6984;3621,32;NICKEL
2134;6984;3674,77;COPPER
2135;6984;3678,43;COPPER
2136;6984;3679,34;COPPER
2137;6984;3682,09;COPPER
2138;6984;3682,74;COPPER
2139;6984;3682,78;COPPER
2140;6984;3684,13;COPPER
2141;6984;3690,49;COPPER
2142;6984;3690,53;COPPER
2143;6984;3705,69;COPPER
2144;6984;3783,04;ZINC
2145;6984;3799,86;ZINC
2146;6984;3809,78;ZINC
2147;6984;3836,5;GALLIUM
2148;6984;3840,76;GERMANIUM
2149;6984;3893,51;GERMANIUM
2150;6984;3893,55;GERMANIUM
2151;6984;3894,34;GERMANIUM
2152;6984;3914,96;GERMANIUM
2153;6984;3915,21;GERMANIUM
2186;7166;1853,85;STRONTIUM
2187;7166;1854,15;STRONTIUM
2188;7166;1854,4;STRONTIUM
2189;7166;1856,1;STRONTIUM
2190;7166;1856,4;STRONTIUM
2191;7166;1863,2;STRONTIUM
2192;7166;1863,46;STRONTIUM
2193;7166;1864,48;STRONTIUM
2194;7166;1864,73;STRONTIUM
2195;7166;1872,21;STRONTIUM
2196;7166;1872,47;STRONTIUM
2197;7166;1841,1;STRONTIUM
2198;7166;1841,95;STRONTIUM
2199;7166;1843,65;STRONTIUM
2200;7166;1845,35;STRONTIUM
2201;7166;1849,6;STRONTIUM
2202;7166;1850,45;STRONTIUM
2203;7166;1852,15;STRONTIUM
2204;7166;1853;STRONTIUM
2205;7166;1855,55;STRONTIUM
2206;7166;1856,44;STRONTIUM
2207;7166;1858,06;STRONTIUM
2208;7166;1861,5;STRONTIUM
2209;7166;1862,69;STRONTIUM
2210;7166;1866,86;STRONTIUM
2211;7166;1867,62;STRONTIUM
2212;7166;1868,64;STRONTIUM
2213;7166;1871,19;STRONTIUM
2214;7166;1877,86;STRONTIUM
2215;7166;1880,41;STRONTIUM
2216;7166;1882,16;STRONTIUM
2217;7166;1883,86;STRONTIUM
2218;7166;1887,26;STRONTIUM
2219;7166;1888,91;STRONTIUM
2220;7166;1891,51;STRONTIUM
2221;7166;1896,18;STRONTIUM
2222;7166;1897,8;STRONTIUM
2223;7166;1899,5;STRONTIUM
2224;7166;1902,05;STRONTIUM
2225;7166;1903,75;STRONTIUM
2226;7166;1905,7;STRONTIUM
2227;7083;3310,84;KRYPTON
2228;7083;3310,89;KRYPTON
2229;7083;3312,28;KRYPTON
2230;7083;3312,32;KRYPTON
2231;7083;3313,94;KRYPTON
2232;7083;3313,98;KRYPTON
2233;7083;3319,31;KRYPTON
2234;7083;3319,35;KRYPTON
2235;7083;3320,34;KRYPTON
2236;7083;3320,38;KRYPTON
2237;7083;3327,24;KRYPTON
2238;7083;3327,28;KRYPTON
2239;7083;3331,85;KRYPTON
2240;7083;3331,88;KRYPTON
2241;7083;3333,15;KRYPTON
2242;7083;3333,19;KRYPTON
2243;6566;2618,33;MANGANESE
2244;6566;2618,37;MANGANESE
2245;6566;2619,17;MANGANESE
2246;6566;2619,22;MANGANESE
2247;6566;2622,8;MANGANESE
2248;6566;2622,85;MANGANESE
2249;6566;2624,38;MANGANESE
2250;6566;2624,42;MANGANESE
2251;6566;2627,82;MANGANESE
2252;6566;2627,86;MANGANESE
2253;6566;2629,55;MANGANESE
2254;6566;2629,59;MANGANESE
2255;6566;2630,42;MANGANESE
2256;6566;2630,46;MANGANESE
2257;7004;3169,45;NICKEL
2258;7004;3174,44;NICKEL
2259;6999;3242,64;GERMANIUM
2260;6999;3256,1;GERMANIUM
2261;6999;3257,89;GERMANIUM
2262;6999;3070,34;NICKEL
2263;6999;3071,93;NICKEL
2264;6999;3076,09;NICKEL
2265;6999;3079,51;NICKEL
2266;7004;3081,21;ARSENIC
2267;7004;3169,41;NICKEL
2268;7004;3174,4;NICKEL
2269;6427;2105,37;ARGON
2270;6427;2105,41;ARGON
2271;6427;2108,77;ARGON
2272;6427;2117,31;ARGON
2273;6427;2132,52;POTASSIUM
2274;6427;2135,12;POTASSIUM
2275;6427;2135,16;POTASSIUM
2276;6427;2146,12;CALCIUM
2277;6427;2112,31;ARGON
2278;6427;2117,95;ARGON
2279;6427;2135,36;POTASSIUM
2280;6427;2107,11;ARGON
2281;6427;2100,27;ARGON
2282;6427;2112,17;ARGON
2283;6427;2137,71;POTASSIUM
2284;6427;2132,7;POTASSIUM
2285;6427;2133,42;POTASSIUM
2286;6427;2110,28;ARGON
2287;6427;2110,68;ARGON
2288;6427;2136,82;POTASSIUM
2289;6427;2137,67;POTASSIUM
2290;6427;2132,7;POTASSIUM
2291;7031;1973,02;GERMANIUM
2292;7031;1996,18;GERMANIUM
2293;7031;2013,74;BROMINE
2294;7031;2027,34;BROMINE
2295;7031;1973,02;GERMANIUM
2296;7031;1996,18;GERMANIUM
2297;7031;2013,74;BROMINE
2298;7031;2027,34;BROMINE
2299;7031;2053,69;BROMINE
2300;7031;1996,18;GERMANIUM
2301;7031;2015,44;BROMINE
2302;7031;1982,12;GERMANIUM
2303;7031;1989,13;GERMANIUM
2304;7031;1996,82;GERMANIUM
2305;7031;2024,23;BROMINE
2306;7031;2015,44;BROMINE
2307;7031;2019,98;BROMINE
2308;7031;2054,62;BROMINE
2309;7031;2025,08;BROMINE
2310;7031;2056,79;BROMINE
2311;6378;1842,9;SULFUR
2312;6378;1846,44;CHLORINE
2313;6378;1847,14;CHLORINE
2314;6378;1847,96;CHLORINE
2315;6378;1848,81;CHLORINE
2316;6378;1853,1;CHLORINE
2317;6378;1854,8;CHLORINE
2318;6378;1858,2;CHLORINE
2319;6378;1859,89;CHLORINE
2320;6378;1862,46;CHLORINE
2321;6378;1863,3;CHLORINE
2322;6378;1864,99;CHLORINE
2323;6378;1866,96;CHLORINE
2324;6378;1867,56;CHLORINE
2325;6378;1868,67;CHLORINE
2326;6378;1870,81;CHLORINE
2327;6378;1871,83;CHLORINE
2328;6378;1872,68;CHLORINE
2329;6378;1874,38;CHLORINE
2330;6378;1876,05;CHLORINE
2331;6378;1877,16;CHLORINE
2332;5296;3938,18;HYDROGEN
2333;5296;3940,69;HYDROGEN
2334;5296;3941,54;HYDROGEN
2335;5296;3942,26;HYDROGEN
2336;5296;3944,09;HYDROGEN
2337;5296;3944,94;HYDROGEN
2338;5296;3945,79;HYDROGEN
2339;5296;3946,55;HYDROGEN
2340;5296;3950,04;HYDROGEN
2341;5296;3950,89;HYDROGEN
2342;5296;3955,99;HYDROGEN
2343;5296;3956,84;HYDROGEN
2344;5296;3958,54;HYDROGEN
2345;5296;3962,83;HYDROGEN
2346;5296;3938,18;HYDROGEN
2347;5296;3940,69;HYDROGEN
2348;5296;3941,54;HYDROGEN
2349;5296;3944,09;HYDROGEN
2350;5296;3946,55;HYDROGEN
2351;5296;3958,54;HYDROGEN
2352;5296;3962,83;HYDROGEN
2353;6537;2129,34;IRON
2354;6537;2136,99;IRON
2355;6537;2153,14;IRON
2356;6537;2196,49;IRON
2357;6537;2232,19;IRON
2358;6540;2204,99;VANADIUM
2359;6540;2166,74;TITANIUM
2360;6540;2168,05;TITANIUM
2361;6540;2220,97;VANADIUM
2386;6537;2128,49;IRON
2387;6537;2130,23;IRON
2388;6537;2132,74;IRON
2389;6537;2152,29;IRON
2390;6537;2156,54;IRON
2391;6537;2169,29;IRON
2392;6537;2195,64;IRON
2393;6537;2201,59;IRON
2394;6537;2231,34;IRON
2395;6537;2260,24;IRON
2396;6537;2271,29;IRON
2397;6537;2293,39;IRON
2398;6537;2128,49;IRON
2399;6537;2130,23;IRON
2400;6537;2132,74;IRON
2401;6537;2152,29;IRON
2402;6537;2156,54;IRON
2403;6537;2169,29;IRON
2404;6537;2195,64;IRON
2405;6537;2201,59;IRON
2406;6537;2231,34;IRON
2407;6537;2260,24;IRON
2408;6537;2271,29;IRON
2409;6537;2293,39;IRON
2410;6537;2131,04;IRON
2411;6537;2137,88;IRON
2412;6537;2153,14;IRON
2413;6537;2168,44;IRON
2414;6537;2131,04;IRON
2415;6537;2137,88;IRON
2416;6537;2153,14;IRON
2417;6537;2168,44;IRON
2418;6333;1280,49;PHOSPHORUS
2419;6333;1288,64;PHOSPHORUS
2420;6333;1298,08;PHOSPHORUS
2421;6333;1301,11;PHOSPHORUS
2422;6333;1307,4;PHOSPHORUS
2423;6333;1312,66;PHOSPHORUS
2424;6333;1319,35;PHOSPHORUS
2425;6333;1335,56;PHOSPHORUS
2426;6333;1343,09;PHOSPHORUS
2427;6333;1347,34;PHOSPHORUS
2428;6333;1357,49;PHOSPHORUS
2429;6333;1307,3;PHOSPHORUS
2430;6333;1319,29;PHOSPHORUS
2431;6333;1343,09;PHOSPHORUS
2432;6333;1363,66;PHOSPHORUS
2433;6333;1307,3;PHOSPHORUS
2434;6333;1319,29;PHOSPHORUS
2435;6333;1334,5;PHOSPHORUS
2436;6333;1343,09;PHOSPHORUS
2437;6333;1352,1;PHOSPHORUS
2438;6333;1354,05;PHOSPHORUS
2439;6333;1359,92;PHOSPHORUS
2440;6333;1360;PHOSPHORUS
2441;6333;1370,2;PHOSPHORUS
2658;7028;2080,04;ARSENIC
2659;7028;2086,84;NICKEL
2660;7028;2095,34;NICKEL
2661;7028;2118,29;NICKEL
2662;7028;2095,34;NICKEL
2663;7028;2080,04;ARSENIC
2664;7028;2083,44;NICKEL
2665;7028;2097,89;NICKEL
2666;7028;2115,74;NICKEL
2667;7028;2083,44;NICKEL
2668;7028;2086,84;NICKEL
2669;7028;2097,89;NICKEL
2670;7028;2115,74;NICKEL
2671;7028;2142,94;COPPER
2672;7028;2150,59;COPPER
2673;7028;2222,24;GERMANIUM
2674;7028;2245,79;GERMANIUM
2675;7028;2286,59;GERMANIUM
2676;7028;2338,44;GERMANIUM
2677;7053;2131,96;GERMANIUM
2678;7053;2132,31;GERMANIUM
2679;7053;2134,48;GERMANIUM
2680;7053;2139,1;GERMANIUM
2681;7053;2142,09;GERMANIUM
2682;7053;2142,34;GERMANIUM
2683;7053;2143,28;GERMANIUM
2684;7053;2143,7;GERMANIUM
2685;7053;2144,01;GERMANIUM
2686;7053;2144,52;GERMANIUM
2687;7053;2131,96;GERMANIUM
2688;7053;2132,31;GERMANIUM
2689;7053;2134,48;GERMANIUM
2690;7053;2137,75;GERMANIUM
2691;7053;2142,09;GERMANIUM
2692;7053;2142,34;GERMANIUM
2693;7053;2143,7;GERMANIUM
2694;7053;2144,01;GERMANIUM
2695;7053;2144,12;GERMANIUM
2696;7053;2144,52;GERMANIUM
2697;7053;2149,89;GERMANIUM
2698;7053;2152,55;GERMANIUM
2699;7057;2064,69;NICKEL
2700;7057;2070,69;NICKEL
2701;7057;2073,07;NICKEL
2702;7057;2076,59;NICKEL
2703;7057;2081,74;NICKEL
2704;7057;2106,6;COPPER
2705;7057;2107,28;COPPER
2706;7057;2110,64;COPPER
2707;7057;2115,57;COPPER
2708;7057;2121,77;COPPER
2709;7057;2064,69;NICKEL
2710;7057;2070,69;NICKEL
2711;7057;2076,59;NICKEL
2712;7057;2106,6;COPPER
2713;7057;2107,28;COPPER
2714;7057;2114,04;COPPER
2715;7057;2121,77;COPPER
2716;7057;2137,67;COPPER
2717;7057;2137,67;COPPER
2718;7057;2142,98;COPPER
2719;7057;2142,98;COPPER
2720;7057;2143,62;COPPER
2721;7057;2143,79;COPPER
2722;7057;2144,64;COPPER
2723;7057;2145,49;COPPER
2724;7057;2145,49;COPPER
2725;7057;2239,11;GERMANIUM
2726;7057;2243,24;GERMANIUM
2727;7057;2252,76;GERMANIUM
2728;7057;2257,52;GERMANIUM
2729;7057;2269,42;GERMANIUM
2730;7057;2272,05;GERMANIUM
2731;7057;2137,67;COPPER
2732;7057;2141,07;COPPER
2733;7057;2144,64;COPPER
2734;7057;2145,49;COPPER
2740;5316;2522,12;MANGANESE
2741;5316;2533,94;COBALT
2742;5316;2540,74;COBALT
2743;5316;2542,44;COBALT
2744;5316;2550,09;COBALT
2745;5316;2556,89;COBALT
2746;5316;2561,18;COBALT
2747;5316;2566,24;COBALT
2748;5316;2568,79;COBALT
2749;5316;2571,34;COBALT
2750;5316;2575,59;COBALT
2751;5316;2579,67;COBALT
2752;5316;2588,34;COBALT
2753;5316;2592,42;COBALT
2754;5316;2604,44;COBALT
2755;5316;2608,74;COBALT
2756;5316;2621,49;COBALT
2757;5316;2629,14;COBALT
2758;5346;3867,54;HYDROGEN
2759;5346;3870,14;HYDROGEN
2760;5346;3871,69;HYDROGEN
2761;5346;3876,61;HYDROGEN
2762;5346;3883,87;COBALT
2763;5346;3879,47;HYDROGEN
2764;5346;3881,8;COBALT
2765;5346;3890,08;COBALT
2766;5346;3895,01;COBALT
2767;5346;3898,9;COBALT
2768;5346;3901,23;COBALT
2769;5346;3904,86;COBALT
2770;5346;3912,11;COBALT
2771;5346;3914,7;COBALT
2772;5346;3917,55;COBALT
2773;5346;3924,03;COBALT
2774;5360;2878,2;HYDROGEN
2775;5360;2881,09;HYDROGEN
2776;5360;2881,09;HYDROGEN
2777;5360;2881,09;HYDROGEN
2778;5360;2886,68;HYDROGEN
2779;5360;2886,68;HYDROGEN
2780;5360;2891,3;HYDROGEN
2781;5360;2892,78;HYDROGEN
2782;5360;2892,78;HYDROGEN
2783;5360;2892,78;HYDROGEN
2784;5360;2894,93;HYDROGEN
2785;5360;2894,93;HYDROGEN
2786;5360;2894,93;HYDROGEN
2787;5360;2898,96;HYDROGEN
2788;5360;2898,96;HYDROGEN
2789;5360;2901,67;HYDROGEN
2790;5360;2901,67;HYDROGEN
2791;5360;2901,67;HYDROGEN
2792;5360;2901,67;HYDROGEN
2793;5360;;HYDROGEN
2794;5360;2906,58;HYDROGEN
2795;5360;2906,58;HYDROGEN
2796;5360;2910,04;HYDROGEN
2797;5360;2910,04;HYDROGEN
2798;5360;2910,04;HYDROGEN
2799;5360;2910,04;HYDROGEN
2800;5360;2918,56;HYDROGEN
2801;5360;2918,56;HYDROGEN
2802;5360;2920;HYDROGEN
2803;5360;2920;HYDROGEN
2804;5360;2920;HYDROGEN
2805;5360;2924,26;HYDROGEN
2806;5360;2924,26;HYDROGEN
2807;5360;2927,03;HYDROGEN
2808;5360;2932,03;HYDROGEN
2809;5360;2932,03;HYDROGEN
2810;5360;2937,84;HYDROGEN
2811;5360;2937,84;HYDROGEN
2812;5360;2940,64;HYDROGEN
2813;5360;2940,64;HYDROGEN
2814;5360;2943,27;HYDROGEN
2815;5360;2943,27;HYDROGEN
2816;5360;2943,27;HYDROGEN
2817;5360;2946,33;HYDROGEN
2818;5360;2946,33;HYDROGEN
2819;5360;2946,33;HYDROGEN
2820;5360;3090,52;RUBIDIUM
2821;5360;3094,65;RUBIDIUM
2822;5360;3094,65;RUBIDIUM
2823;5360;3098,4;RUBIDIUM
2824;5360;3098,4;RUBIDIUM
2825;5360;3102,19;RUBIDIUM
2826;5363;;
2827;5363;;
2828;5363;;
2829;5363;;
2830;5363;;
2831;5363;;
2832;5363;;
2833;5363;;
2834;5363;;
2835;5363;;
2836;5363;;
2837;5363;;
2838;5363;;
2839;5363;;
2840;5363;;
2841;5363;;
2842;5363;;
2843;5363;;
2844;5363;;
2845;5363;;
2846;5363;;
2847;5363;;
2848;5363;;
2849;5363;;
2850;5363;;
2851;5363;;
2852;5363;;
