plug_id;a;b;c;d;e;f
383;;;0,23;2,25;0,55;
384;;;0,32;2,03;0,62;
385;;;0,33;1,99;0,62;
386;;;0,3;2,03;0,59;
387;;;0,31;2,04;0,61;
388;;;0,22;52,11;2,61;
389;;;0,29;33,46;2,84;
390;;;0,1;10;1;
391;;;0,22;2,43;0,59;
392;;;0,1;10;1;
393;;;0,29;2,08;0,59;
394;;;0,18;161,63;2,97;
395;;;0,23;87,4;3,04;
396;;;0,1;10;1;
397;;;0,27;47,29;2,95;
398;;;0,1;10;1;
399;;;0,1;10;1;
400;;;0,28;31,62;2,71;
401;;;0,3;26,37;2,72;
402;;;0,27;36,46;2,75;
403;;;0,27;35,49;2,73;
404;;;0,1;10;1;
405;;;0,21;2,46;0,58;
406;;;0,1;10;1;
407;;;0,28;36,67;2,83;
408;;;0,31;25,7;2,77;
409;;;0,1;10;1;
410;;;0,17;181,59;2,94;
411;;;0,23;2,25;0,55;
412;;;0,1;10;1;
413;;;0,24;58,06;2,85;
414;;;0,1;10;1;
415;;;0,24;2,25;0,57;
416;;;0,26;2,23;0,6;
417;;;0,26;50;2,9;
418;;;0,32;22,28;2,72;
419;;;0,1;10;1;
420;;;0,31;;;87,02
421;;;0,31;;;157,03
422;;;0,3;;;55,81
423;;;0,26;;;14,29
424;;;0,31;;;78,86
425;;;0,26;;;307,4
426;;;0,26;;;1918,03
427;;;0,24;;;14,91
428;;;0,23;;;12,29
429;;;0,25;;;7,89
430;;;0,2;40,33;2,3;
431;;;0,3;18;2,4;
432;;;0,3;16,7;2,34;
433;;;0,24;38,96;2,57;
434;;;0,27;28,88;2,57;
435;;;0,26;26,86;2,44;
436;;;0,24;27,47;2,32;
437;;;0,27;27,44;2,53;
438;;;0,21;46,7;2,46;
439;;;0,23;30,67;2,33;
440;;;0,29;15,62;2,22;
441;;;0,29;18,43;2,35;
442;;;0,31;17,36;2,44;
443;;;0,23;36,32;2,44;
444;;;0,22;45,69;2,52;
445;;;0,23;60,45;2,79;
446;;;0,19;92,63;2,73;
447;;;0,29;25,39;2,61;
448;;;0,27;26,86;2,51;
449;;;0,32;;;119,83
450;;;0,32;;;176
451;;;0,22;;;1,2
452;;;0,21;;;0,85
453;;;0,28;;;76,1
454;;;0,23;;;22,69
455;;;0,26;;;3,55
456;;;0,31;;;409,69
457;;;0,24;;;1,39
458;;;;;;
459;;;0,22;;;1,73
460;;;0,18;;;1,62
461;;;0,23;;;2,71
462;;;0,31;;;202,53
463;;;0,36;;;269,67
464;;;0,32;;;279,32
465;;;0,11;;;0,57
466;;;0,11;;;0,52
467;;;0,33;;;173,61
468;;;0,32;;;150,51
469;;;0,3;;;58,93
470;;;0,31;;;122,93
471;;;0,3;;;56,16
472;;;0,3;;;60,81
473;;;0,29;;;48,79
474;;;0,31;;;82,94
475;;;0,31;;;132,28
476;;;0,3;;;10,81
477;;;0,31;;;114,57
478;;;0,28;;;35,35
479;;;0,21;;;3,21
480;;;0,31;;;104,25
481;;;0,29;;;55,82
482;;;0,31;;;96,96
483;;;0,31;;;96,54
484;;;0,3;;;81,7
485;;;0,21;;;0,82
486;;;;;;
487;;;0,22;;;2,34
488;;;0,26;;;14,29
489;;;0,21;;;1,34
490;;;0,17;;;0,7
491;;;0,25;;;45,18
492;;;0,31;;;75,81
493;;;0,24;;;21,95
494;;;0,29;;;511,68
495;;;0,27;;;149,06
496;;;0,3;;;1516,59
497;;;0,25;;;90,24
498;;;0,14;;;0,35
499;;;;;;
500;;;0,24;;;22,64
501;;;0,27;;;176,27
502;;;0,25;;;28,11
503;;;0,26;;;1905,7
504;;;0,28;;;4797,24
505;;;0,2;;;11,4
506;;;0,2;;;1,14
507;;;0,26;;;320
508;;;0,21;;;6,51
509;;;0,22;;;4,73
510;;;0,17;;;1,48
511;;;0,22;;;6,15
512;;;0,22;;;6,91
513;;;0,27;;;710,37
514;;;0,27;;;1100,88
515;;;0,19;;;23,54
516;;;0,24;;;91,35
517;;;0,22;;;22,32
518;;;0,3;;;1564,09
519;;;0,29;;;1748,33
520;;;0,28;;;1102,07
521;;;0,25;;;125,75
522;;;0,28;;;246,97
523;;;0,23;;;134,93
524;;;0,15;;;143,92
525;;;0,16;;;4,51
526;;;0,19;;;12,43
527;;;0,19;;;19,35
528;;;0,24;;;61,5
529;;;0,13;;;0,5
530;;;0,18;;;1,69
531;;;;;;
532;;;;;;
533;;;0,21;;;1,88
534;;;0,23;;;1,43
535;;;0,22;;;1,59
536;;;0,27;;;9,24
537;;;0,2;;;1,21
538;;;0,25;;;5,41
539;;;0,27;;;7,88
540;;;0,24;;;5,3
541;;;0,28;;;8,24
542;;;0,27;;;25,45
543;;;0,18;;;2,97
544;;;0,28;;;197,81
545;;;0,28;;;134,97
546;;;0,23;;;10,19
547;;;0,3;;;502,33
548;;;0,3;;;649,77
549;;;0,25;;;30,12
550;;;0,23;;;5,86
551;;;0,27;;;14,59
552;;;0,24;;;16,5
553;;;;;;
554;;;0,26;;;40,9
555;;;0,27;;;70,98
556;;;0,29;;;251,33
557;;;0,28;;;102,71
558;;;0,27;;;80,72
559;;;0,23;;;8,34
560;;;0,27;;;61,24
561;;;0,21;;;45,94
562;;;0,28;;;27,01
563;;;0,29;;;36,43
564;;;0,25;;;98,27
565;;;0,24;;;125,93
566;;;0,29;;;27,23
567;;;0,31;;;438,13
568;;;0,31;;;172,22
569;;;0,24;;;6,64
570;;;0,28;;;35,9
571;;;0,21;;;3,69
572;;;0,13;;;0,48
573;;;0,14;;;0,8
574;;;0,17;;;1,29
575;;;0,16;;;0,84
576;;;0,23;;;6,01
577;;;0,24;;;2,09
578;;;0,23;;;1,83
579;;;0,23;;;2,21
580;;;0,19;;;1,14
581;;;0,21;;;1,02
582;;;0,24;;;3,41
583;;;0,24;;;6,33
584;;;0,17;;;1,4
585;;;0,27;;;12,79
586;;;0,28;;;26,21
587;;;0,26;;;17,14
588;;;0,24;;;19,5
589;;;0,24;;;44,72
590;;;0,19;;;6,5
591;;;0,2;;;5,38
592;;;;;;
593;;;0,22;;;2,9
594;;;0,23;;;1,21
595;;;0,18;;;0,26
596;;;0,26;;;0,95
597;;;0,27;;;6,3
598;;;;;;
599;;;0,26;;;4,29
600;;;0,25;;;3,13
601;;;0,28;;;70
602;;;0,32;;;407,76
1200;;;0,35;13,37;2,47;2883,9
1205;;;0,35;12,85;2,43;2372,66
1207;4,54;3,82;0,35;;;2592,11
1208;4,54;3,79;0,34;;;2550
1209;4,57;3,82;0,35;;;2350,94
1210;4,53;3,81;0,35;;;2215,36
1212;;;0,34;14,97;2,51;803,4
1219;;;0,35;14,34;2,54;688,16
1233;;;0,37;10,44;2,36;3003,83
1234;;;0,35;;;163,86
1235;;;0,38;;;1545,5
1236;4,58;3,72;0,38;;;1749,01
1237;4,46;3,73;0,37;;;1485,12
1238;;;0,38;;;1714,48
1239;4,57;3,77;0,37;;;1515,36
1240;;;0,4;;;4767,8
1241;;;;;;
1242;;;0,35;;;2158,76
1243;;;0,29;;;5,01
1244;4,29;3,8;0,33;;;1815,66
1245;4,58;3,78;0,34;;;1626,67
1246;4,56;3,77;0,35;;;1580,22
1247;;;0,33;;;1941,57
1248;;;0,35;;;1588,56
1249;;;0,36;;;3076,36
1250;4,53;3,8;0,35;;;506,41
1251;4,53;3,8;0,3;;;128,38
1252;4,55;3,78;0,35;;;1391,03
1253;;;0,35;;;538,16
1254;;;0,29;;;11,96
1255;;;0,32;;;157,97
1256;;;0,31;;;216,59
1257;;;0,32;;;280,84
1258;4,34;3,68;0,32;;;84,35
1259;4,25;3,82;0,38;;;121,96
1260;;;0,38;;;1748
1261;;;0,39;;;1874,03
1262;4,63;3,65;0,39;;;2887,5
1263;4,45;3,75;0,4;;;2244,51
1264;4,54;3,69;0,39;;;3378,34
1265;;;0,4;;;4000
1266;;;0,39;;;4142,97
1267;4,54;3,71;0,39;;;4604,52
1268;;;0,35;;;1514,04
1269;;;0,36;;;1526,09
1270;;;0,34;;;1913,79
1271;;;0,33;;;6733,6
1272;4,6;3,77;0,35;;;7848,88
1273;;;0,35;;;4457,69
1280;5,95;3,81;0,2;73;2,67;
1281;5,9;3,82;0,26;46,63;2,85;
1282;6,05;3,81;0,35;18,59;2,78;
1283;5,99;3,82;0,34;20,06;2,78;
1284;6,03;3,81;0,35;18,48;2,78;
1285;5,98;3,82;0,25;58,73;2,94;
1286;5,95;3,82;0,25;45,26;2,75;
1287;5,9;3,81;0,36;18,72;2,87;
1288;5,59;3,8;0,34;21,58;2,85;
1289;5,54;3,8;0,23;64,28;2,83;
1290;5,91;3,81;0,45;7,41;2,51;
1291;5,22;3,8;0,47;6,93;2,56;
1292;5,66;3,8;0,48;5,84;2,4;
1293;5,08;3,79;0,38;13,05;2,65;
1294;5,87;3,79;0,45;7,48;2,52;
1295;5,75;3,79;0,45;7,31;2,49;
1296;5,94;3,82;0,37;13,24;2,6;
1297;5,89;3,81;0,4;9,76;2,49;
1298;5,9;3,8;0,39;10,4;2,49;
1299;5,83;3,81;0,25;40,15;2,66;
1300;;;;;;
1301;;;;;;
1302;;;;;;
1303;;;;;;
1304;;;;;;
1305;6,07;3,81;0,31;19,47;2,53;182,82
1306;6,05;3,81;0,17;112,08;2,66;0,24
1307;6,04;3,81;0,26;31,63;2,56;52,43
1308;6,06;3,81;0,26;34,13;2,62;35,9
1309;6,05;3,81;0,28;26;2,56;338,57
1310;6,06;3,81;0,24;44;2,65;7,68
1311;6,05;3,81;0,26;34,86;2,64;110,25
1312;6,06;3,81;0,29;22,45;2,51;2120,63
1313;6,05;3,81;0,26;32,71;2,59;220
1314;5,35;3,79;0,18;82,31;2,57;1,26
1315;6,06;3,8;0,19;81,87;2,65;1,97
1316;6,04;3,79;0,26;29,25;2,51;378,7
1317;6,06;3,8;0,26;31,09;2,55;163,91
1318;4,93;3,78;0,37;;;117,49
1318;;;0,38;14;2,73;
1319;4,91;3,76;0,37;;;260,14
1319;;;0,38;12,68;2,63;
1320;4,94;3,65;0,37;;;348,53
1320;;;0,37;12,16;2,51;
1321;4,71;3,47;0,42;;;5474,96
1321;;;0,42;7,83;2,37;
1322;4,58;3,49;0,42;;;4231,16
1322;;;0,41;8,18;2,36;
1324;4,97;3,7;0,37;;;353,18
1324;;;0,36;12,13;2,44;
1325;4,94;3,8;0,39;;;383,67
1325;;;0,39;10,49;2,5;
1327;4,88;3,64;0,42;;;4847,76
1327;;;0,42;7,56;2,33;
1328;4,38;3,75;0,41;;;109,75
1328;;;0,41;11,09;2,7;
1330;4,53;3,67;0,44;;;6445,07
1330;;;0,44;6,87;2,35;
1331;4,86;3,61;0,44;;;7065,96
1331;;;0,44;6,93;2,36;
1333;4,93;3,57;0,42;;;3343,85
1333;;;0,42;7,16;2,27;
1334;4,82;3,61;0,43;;;7455,39
1334;;;0,43;7,05;2,31;
1335;4,74;3,63;0,45;;;5923,59
1335;;;0,46;6,89;2,49;
1336;4,66;3,6;0,44;;;6601,21
1336;;;0,44;6,61;2,3;
1337;4,76;3,58;0,41;;;4604,71
1337;;;0,39;7,8;2,18;
1338;4,71;3,66;0,41;;;6622,79
1338;;;0,41;7,36;2,24;
1340;5,11;;0,19;98,55;2,76;0,43
1341;2,57;;0,2;;;0,45
1342;3,2;;;;;
1343;5,11;;;;;
1344;2,57;;0,22;;;1,53
1345;7,01;;0,23;;;0,51
1346;5,11;;0,16;105,33;2,54;0,13
1347;2,57;;0,18;;;0,33
1348;4,47;;;;;
1349;5,11;;;;;
1350;2,57;;0,23;;;16,43
1351;7,39;;;;;
1352;4,47;;;;;
1353;5,11;;0,23;28,39;2,28;63,45
1354;2,57;;0,24;;;43,2
1355;3,84;;0,24;;;68,25
1356;7,01;;;;;
1357;5,11;;;;;
1358;2,57;;0,2;;;1,21
1359;5,11;;;;;
1360;7,65;;;;;
1361;5,11;;;;;
1362;2,57;;0,2;;;3,23
1363;6,38;;;;;
1364;5,11;;;;;
1365;2,57;;0,2;;;2,96
1366;4,09;;;;;
1367;5,11;;0,21;36,79;2,31;4,07
1368;2,57;;0,22;;;4,53
1369;7,9;;;;;
1370;8,28;;;;;
1371;6,38;;0,21;;;2,82
1372;5,11;;0,21;38,88;2,35;4,92
1373;2,57;;0,21;;;3,45
1374;7,65;;;;;
1375;7,01;;;;;
1376;5,11;;0,21;36,95;2,31;10,74
1377;2,57;;0,23;;;8,41
1378;7,65;;0,23;;;9,2
1379;7,65;;;;;
1380;5,11;;0,19;62,55;2,49;1,4
1381;2,57;;0,21;;;1,5
1382;7,65;;;;;
1383;5,11;;0,25;;;2,2
1384;2,57;;0,23;;;2,91
1385;7,65;;;;;
1386;7,65;;;;;
1387;5,11;;0,2;41,49;2,31;0,83
1388;2,57;;0,22;;;0,73
1389;7,65;;;;;
1390;7,65;;;;;
1391;5,11;;0,23;;;1,13
1392;2,57;;0,22;;;1,2
1393;7,65;;;;;
1394;5,11;;;;;
1395;2,57;;0,3;;;22,78
1396;7,65;;;;;
1397;7,65;;;;;
1398;7,01;;;;;
1399;5,11;;0,27;15,81;2,11;16,37
1400;2,57;;0,28;;;13,38
1401;6,38;;;;;
1402;5,11;;0,29;13,58;2,11;16,83
1403;2,57;;0,3;;;13,49
1404;6,38;;0,3;;;9,68
1405;6,38;;;;;
1406;7,65;;;;;
1407;5,11;;0,29;17,34;2,3;9,85
1408;2,57;;0,29;;;6,38
1409;5,11;;0,25;20,52;2,18;1,88
1410;2,57;;0,27;;;1,72
1411;7,65;;;;;
1412;2,57;;;;;
1413;7,01;;;;;
1414;5,11;;;;;
1415;2,57;;0,28;;;5,29
1416;6,38;;;;;
1417;5,11;;0,27;19,89;2,28;2,42
1418;2,57;;0,27;;;4,31
1419;7,65;;;;;
1420;5,11;;0,29;;;2,87
1421;5,11;;;;;
1422;2,57;;0,25;;;0,56
1423;7,65;;;;;
1424;7,65;;0,24;;;0,4
1425;5,11;;;;;
1426;2,57;;0,22;;;0,37
1427;5,11;;0,22;32,3;2,3;0,25
1428;2,57;;0,23;;;0,42
1429;7,65;;;;;
1430;7,65;;;;;
1431;5,11;;0,18;77,94;2,54;0,22
1432;2,57;;0,18;;;0,32
1433;7,65;;;;;
1434;7,65;;;;;
1435;7,65;;;;;
1436;5,11;;;;;
1437;2,57;;0,19;;;1,45
1438;7,65;;;;;
1439;7,65;;;;;
1440;5,11;;0,15;80,68;2,31;3,04
1441;2,57;;0,17;;;2,37
1442;5,74;;;;;
1443;8,04;3,81;0,26;;;0,63
1444;6,56;3,76;0,29;;;1,53
1445;6,46;3,76;0,26;;;1,24
1446;6,34;3,75;0,29;26,54;2,65;25,81
1447;6,89;3,75;0,29;;;18,97
1448;6,54;3,76;0,29;;;11,83
1449;6,86;3,75;0,29;;;10,36
1450;6,13;3,76;0,28;30,03;2,67;10,02
1451;6,61;3,71;0,29;;;9,85
1452;6,89;3,7;0,32;;;
1453;6,35;3,71;0,29;28,61;2,71;12,75
1454;6,42;3,73;0,28;33,04;2,75;4,36
1455;6,52;3,73;0,29;;;3,52
1456;6,77;3,73;0,28;;;4,3
1457;6,57;3,74;0,27;32,81;2,67;1,19
1458;7,76;3,82;0,27;;;1,05
1459;7,95;3,81;0,26;;;0,73
1460;6,71;3,72;0,33;15,03;2,44;606,99
1461;6,77;3,72;0,34;;;1122,67
1462;5,98;3,73;0,31;22,58;2,66;52,12
1463;6;3,74;0,32;;;42,53
1464;6,97;3,73;0,38;;;21,62
1465;6,67;3,74;0,31;;;42,29
1466;8,1;3,82;0,29;;;15,05
1467;8,03;3,81;0,3;;;11,15
1468;6,78;3,76;0,27;33,44;2,68;4,31
1469;6,94;3,77;0,28;;;5,38
1470;6,84;3,77;0,27;;;3,69
1471;8,03;3,81;0,28;;;10,19
1472;7,37;3,73;0,28;32,45;2,73;5,03
1473;7,53;3,73;0,29;;;4,81
1474;7,96;3,81;0,29;;;3,08
1497;;;0,34;;;5,58
1498;;;0,31;;;3,71
1499;;;0,36;;;1,78
1500;;;0,32;;;0,76
1501;;;0,26;;;0,16
1502;;;0,24;;;0,12
1503;;;0,23;;;0,12
1504;;;0,25;;;0,1
1510;;;0,39;;;3,23
1511;;;0,36;;;2,54
1512;;;0,45;;;24,59
1513;;;0,17;;;1,48
1514;;;0,36;;;2,04
1515;;;0,31;;;0,98
1516;;;0,29;;;0,64
1517;;;0,16;;;0,04
1518;;;0,28;;;0,64
1519;;;0,25;;;0,39
1520;;;0,24;;;0,35
1521;;;0,35;;;0,29
1522;;;0,21;;;0,19
1523;;;0,25;;;0,18
1524;;;0,09;;;0,08
1525;;;0,08;;;8
1557;5,45;3,81;0,36;11,17;2,36;
1558;4,83;3,81;0,36;11,34;2,38;
1559;5,4;3,8;0,35;11,66;2,34;
1560;4,84;3,81;0,37;10,74;2,39;
1561;5,9;3,8;0,36;11,83;2,42;
1562;5,45;3,81;0,33;14,11;2,39;
1563;5,17;3,79;0,37;12,11;2,51;
1564;4,91;3,81;0,25;38,26;2,63;
1587;6,34;3,76;;#VALUE!;;
1588;5,83;3,76;0,37;;;
1591;5,67;3,67;0,35;;;
1592;6,03;3,78;0,34;12,86;2,37;
1593;6,19;3,76;0,36;11,68;2,41;
1594;6,14;3,75;;;;
1598;6,35;3,73;0,36;11,95;2,43;
1600;5,78;3,7;0,36;;;
1601;5,84;3,74;0,35;11,09;2,29;
1602;5,93;3,73;;;;
1604;6,56;3,75;0,35;12,58;2,41;
1607;6,06;3,76;0,35;11,93;2,36;
1608;5,71;3,74;0,35;;;
1611;6,15;3,78;;;;
1612;5,92;3,81;0,35;11,97;2,36;
1613;5,9;3,61;0,35;;;
1614;6,01;3,76;0,35;11,82;2,35;
1616;5,25;3,78;0,34;11,93;2,3;
1621;5,95;3,79;0,31;17,07;2,42;
1622;6,13;3,82;;;;
1623;6,07;3,77;0,33;12,77;2,3;
1624;5,81;3,68;0,33;;;
1625;6,15;3,73;0,34;12,48;2,34;
1626;6,2;3,76;;;;
1633;6,38;3,79;0,33;13,78;2,37;
1634;5,47;3,71;0,33;;;
1635;5,89;3,82;0,35;11,75;2,35;
1636;6,74;3,81;;;;
1641;5,6;3,67;0,37;;;
1642;6,03;3,82;0,36;10,75;2,32;
1645;5,25;3,79;0,38;;;2578,39
1646;5,71;3,79;0,36;;;965,51
1647;5,38;3,73;0,38;;;2740,61
1648;5,83;3,8;0,35;;;208,97
1649;5,83;3,79;0,38;;;489,3
1650;5,67;3,81;0,38;;;193,16
1651;6,91;3,82;0,39;;;1593,03
1652;6,74;3,8;0,42;;;4532,5
1653;5,99;3,8;0,4;;;2218,07
1654;4,81;3,8;0,4;;;3491,02
1655;4,07;3,8;0,25;;;4,56
1656;4,83;3,69;0,42;7,75;2,36;3591,12
1657;3,91;3,64;0,43;7,11;2,32;6326,08
1658;4,89;3,69;0,41;7,96;2,33;6217,29
1659;4;3,79;0,34;14,5;2,48;967,29
1660;5,69;3,8;0,35;13,16;2,45;99,89
1661;5,94;3,79;0,28;22,03;2,43;366,7
1662;5,89;3,79;0,37;11,42;2,45;524,7
1663;4,61;3,69;0,41;8,5;2,4;2204,53
1664;5,88;3,79;0,38;10,29;2,41;2215,59
1665;5,57;3,76;0,38;10,08;2,39;1912,67
1666;5,11;3,73;0,39;10,22;2,47;2645,61
1667;5,17;3,76;0,37;10,7;2,38;185,64
1668;5,45;3,78;0,35;12,92;2,44;308,67
1669;5,92;3,8;0,4;;;8731,65
1670;5,92;3,8;0,4;;;11067,92
1671;5,97;3,8;0,38;;;5453,44
1672;5,89;3,78;0,39;;;7000,94
1673;5,91;3,78;0,41;;;3715,08
1674;5,49;3,8;0,26;;;21,17
1675;5,98;3,8;0,35;;;2338,1
1676;5,96;3,8;0,31;;;284,72
1677;5,98;3,8;0,31;;;331,85
1678;5,97;3,8;0,33;;;2247,96
1679;5,59;3,78;0,31;;;63,99
1680;6,13;3,78;0,29;25,39;2,61;4,93
1681;6,31;3,78;0,26;31,11;2,55;6,15
1682;6,26;3,77;0,25;35,68;2,58;0,82
1683;5,96;3,77;0,21;;;0,11
1684;6,1;3,78;0,25;;;1,12
1685;5,89;3,76;0,25;36,27;2,59;2,15
1686;5,97;3,77;0,27;29,78;2,59;17,38
1687;6,07;3,78;0,24;38,37;2,56;0,93
1688;6;3,77;0,26;;;1,42
1689;6,16;3,78;0,24;44,39;2,66;0,43
1690;6,08;3,75;0,24;43;2,64;0,56
1691;5,97;3,76;0,18;74,44;2,51;0,69
1692;6,21;3,75;0,25;37,18;2,61;1,74
1693;5,95;3,74;0,2;;;0,29
1694;5,87;3,75;0,24;41,12;2,6;0,24
1792;7,3;3,81;0,31;16,12;2,37;584,18
1793;7,29;3,82;0,25;35,48;2,57;121,26
1794;7,48;3,82;0,28;20,47;2,37;851,37
1795;7,55;3,82;0,2;89,48;2,79;2,93
1796;7,58;3,81;0,19;101,8;2,78;18,13
1797;7,48;3,81;0,2;76,77;2,7;3,55
1798;7,5;3,82;0,2;77,97;2,71;6,78
1799;7,52;3,82;0,23;48,13;2,64;22,7
1800;7,54;3,82;0,23;49,99;2,66;12,42
1801;7,55;3,82;0,23;48,22;2,64;180,83
1802;7,56;3,82;0,29;16,26;2,25;3255,05
1803;7,56;3,82;0,29;16,77;2,28;1168,25
1804;7,53;3,82;0,29;16,69;2,27;1243,44
1805;7,64;3,82;0,31;15,3;2,33;3073,39
1806;7,55;3,82;0,27;36,53;2,75;213,69
1807;7,64;3,82;0,19;90,33;2,71;19,17
1808;7,54;3,83;0,16;206;2,91;33,6
1809;7,55;3,82;0,25;32,84;2,52;269,23
1869;5,79;4,04;0,22;81,94;2,91;35,87
1870;5,59;3,85;0,36;12,43;2,47;419,14
1871;6,05;3,88;0,33;14,61;2,42;130,17
1872;;;0,19;;;7,3
1873;;;0,35;;;308,97
1874;;;0,34;;;122,92
1900;4,93;4;0,3;;;
1901;4,97;3,98;0,37;;;
1902;5,98;3,76;;;;
1903;6,25;3,83;;;;
1904;6,07;3,8;;;;
1905;5,83;3,83;;;;
1906;6,26;3,83;;;;
1907;6,27;3,83;;;;
1908;6,06;3,81;;;;
1909;2,51;2,53;0,26;;;0,21
1910;6,04;3,81;0,21;;;0,22
1911;6,24;3,83;0,26;83,3;3,28;0,34
1912;4,27;3,83;;;;
1913;6,26;3,84;0,25;;;0
1914;6,09;3,8;0,23;108,59;3,19;0,07
1915;6,27;3,83;;;;
1916;6,08;3,8;;;;
1917;6,28;3,84;;;;
1918;4,23;3,83;;;;
1919;6,26;3,84;;;;
1920;6,06;3,81;;;;
1921;6,25;3,86;0,23;118,63;3,25;0
1922;6,24;3,83;;;;
1923;6,09;3,79;;;;
1924;6,04;3,84;;;;
1925;6,28;3,83;;;;
1926;6,27;3,84;;;;
1927;6,05;3,81;;;;
1928;6,31;3,83;;;;
1929;6,06;3,79;;;;
1930;3,24;3,84;;;;
1931;6,3;3,83;;;;
1932;6,28;3,83;;;;
1933;6,14;3,79;;;;
1934;2,51;2,53;0,22;;;0,1
1935;6,24;3,83;;;;
1936;6,25;3,84;;;;
1937;6,28;3,83;;;;
1938;6,06;3,79;;;;
1939;6,31;3,83;;;;
1940;6,07;3,79;;;;
1941;6,08;3,79;;;;
1942;6,04;3,83;;;;
1943;6,28;3,83;;;;
1944;6,08;3,79;;;;
1945;4,3;3,83;0,28;47,66;3,04;57,01
1946;6,27;3,85;0,26;54,87;2,97;17,19
1947;2,5;2,53;0,29;;;210,91
1948;6,07;3,81;0,2;295,59;3,53;15,54
1949;15,63;3,8;;;;
1950;6,07;3,8;0,29;29,3;2,73;221,92
1951;6,26;3,84;0,28;32,98;2,75;195,86
1952;6,26;3,83;0,26;45,69;2,84;113,1
1953;6,28;3,83;;#DIV/0!;;
1954;5;3,83;;;;
1955;6,08;3,8;0,26;47,62;2,87;64,34
1956;14,68;3,8;;;;
1957;6,06;3,81;0,27;36,93;2,76;306,37
1958;6,28;3,83;0,27;37,71;2,77;247,14
1959;2,51;2,53;0,29;;;360,39
1960;5,38;3,83;0,26;;;47,9
1961;4,99;3,83;;#DIV/0!;;
1962;6,06;3,81;0,27;38,65;2,79;136,41
1963;2,51;2,53;0,29;;;151,97
1964;5,01;3,83;;;;
1965;6,11;3,79;0,29;30,7;2,77;148,4
1966;6,31;3,83;0,27;52,71;3,03;25,26
1967;6,29;3,83;0,26;48,19;2,88;43,33
1968;5;3,84;;;;
1969;6,27;3,84;0,26;51,15;2,92;35,55
1970;6,11;3,81;0,25;55;2,89;27,07
1971;6,25;3,83;0,28;39,68;2,89;43,13
1972;2,5;2,53;0,28;;;28,41
1973;4,55;3,83;0,25;70,79;3,07;5,91
1974;6,28;3,84;0,24;56,14;2,82;31,12
1975;6,12;3,81;0,26;51,23;2,92;19,18
1976;14,98;3,8;;;;
1977;6,1;3,8;0,23;52,34;2,69;19,67
1978;6,3;3,85;0,27;49,56;2,98;24,56
1979;6,25;3,83;0,27;48,53;2,97;14,84
1980;6,09;3,8;0,23;71,89;2,91;8,23
1981;2,51;2,54;0,25;;;8,4
1982;5,92;3,84;0,24;83,66;3,1;1,53
1983;6,29;3,83;0,23;79,07;2,97;2,34
1984;6,08;3,79;0,26;55,63;2,98;4,72
1985;6,27;3,83;0,27;56,58;3,08;6,26
1986;6,3;3,83;0,24;81,17;3,08;2,89
1987;5,29;3,83;0,25;80,9;3,17;1,18
1988;6,26;3,83;0,24;82,7;3,09;1,41
1989;;;;;;
1990;6,08;3,79;0,28;47,19;3,03;10,08
1991;6,27;3,83;0,23;93,39;3,09;2,03
1992;6,22;3,84;;;;
1993;6,28;3,84;0,2;143,6;3,09;0,18
1994;6,09;3,81;0,24;75,59;3,03;1,79
1995;6,07;3,8;;;;
1996;6,26;3,83;0,26;89,65;3,34;0,23
1997;6,25;3,83;0,24;;;0,15
1998;6,07;3,79;0,22;112,73;3,12;0,09
1999;6,13;3,8;;;;
2000;2,5;2,51;0,36;;;569,57
2001;2,92;3,83;0,35;;;278,95
2002;5,01;3,81;;#DIV/0!;;
2003;6,17;3,83;0,33;22,46;2,81;433,94
2004;6,08;3,77;0,18;258,87;3,24;0,29
2005;;;;;;
2006;4,35;3,84;;;;
2007;6,06;3,79;0,34;23,47;2,93;281,56
2008;6,25;3,83;0,31;30,58;2,92;75,65
2009;6,26;3,82;0,35;20,16;2,86;973,97
2010;6,34;3,83;0,12;;;0
2011;4,56;3,83;;;;
2012;6,25;3,83;0,12;1461,32;3,44;0
2013;6,07;3,79;0,32;25,69;2,85;406,05
2014;2,51;2,52;0,34;;;158,67
2015;6,19;3,83;0,34;23,13;2,91;351,81
2016;4,91;3,83;0,27;44,71;2,9;39,73
2017;6,34;3,83;0,34;23,46;2,92;263,27
2018;2,51;2,51;0,37;;;669,89
2019;5,98;3,79;;;;
2020;6,18;3,83;0,35;;;496,15
2021;4,99;3,82;;;;
2022;6,03;3,77;0,34;20,56;2,8;869,47
2023;6,13;3,81;0,34;26;3,02;2,82
2024;2,51;2,51;0,37;;;358,56
2025;5,05;3,81;;;;
2026;6,25;3,82;0,36;17,09;2,78;697,02
2027;6,11;3,81;0,28;64,73;3,28;1,52
2028;2,51;2,52;0,26;;;6,18
2029;6,27;3,83;0,36;19,98;2,93;603,03
2030;6,06;3,79;0,33;27,52;2,99;2,73
2031;6,18;3,83;0,37;;;176,62
2032;6,33;3,82;0,37;15,8;2,78;1584,81
2033;6,29;3,84;0,32;29,08;2,96;118,09
2034;6;3,81;;;;
2035;3,7;3,82;0,19;;;0
2036;6,25;3,84;;;;
2037;6,27;3,83;;;;
2038;6,02;3,79;;;;
2039;6,03;3,84;;;;
2040;6,23;3,83;0,28;42,38;2,94;93,66
2041;6,36;3,84;0,31;29,4;2,89;175,8
2042;5;3,83;;;;
2043;6,02;3,79;;;;
2044;3,77;3,83;0,32;;;64,67
2045;6,24;3,83;0,33;23,53;2,85;217,38
2046;6,2;3,84;;;;
2047;6,07;3,81;;;;
2048;6,24;3,83;0,28;48,2;3,04;36,18
2049;6,04;3,78;0,35;18,82;2,8;294,26
2050;5,78;3,83;;;;
2051;4,99;3,82;0,28;24,34;2,51;93,1
2052;2,5;2,5;0,41;;;1435,63
2053;6,05;3,78;;;;
2054;5,01;3,83;;;;
2055;6,01;3,78;;;;
2056;2,51;2,51;0,36;;;358,7
2057;15,01;3,78;;;;
2058;6,11;3,78;0,37;14,22;2,67;1195,58
2059;6,26;3,81;0,36;15,86;2,71;842,12
2060;6,06;3,8;0,29;35,45;2,88;117,92
2061;2,51;2,52;0,36;;;740,79
2062;6,26;3,83;0,34;24,86;2,98;376,48
2063;6,3;3,83;0,32;23,43;2,77;458,84
2064;5,02;3,82;;;;
2065;6,06;3,82;0,21;101,19;2,96;1,88
2066;2,5;2,52;0,37;;;1553,74
2067;6,08;3,77;0,37;13,05;2,58;1336,53
2068;2,5;2,5;0,56;;;1810,86
2069;4,61;3,83;0,35;21,97;2,94;698,69
2070;6,22;3,83;0,34;23,69;2,93;261,95
2071;6,35;3,83;0,27;22,03;2,36;1256,15
2072;6,04;3,8;0,31;26,32;2,79;250,13
2073;6,37;3,82;0,34;21,2;2,83;630,86
2074;2,51;2,53;0,27;;;15,83
2075;6,03;3,81;;;;
2076;6,19;3,84;0,28;59,09;3,2;1,19
2077;6,34;3,84;0,31;22,83;2,67;489,61
2078;2,51;2,51;0,48;;;597,58
2079;6,06;3,8;0,33;21,59;2,77;284,35
2080;6,33;3,82;0,25;24,72;2,31;355,03
2081;2,51;2,53;0,29;;;33,46
2082;6,2;3,83;0,29;76,29;3,5;1,33
2083;6,26;3,83;0,34;17,69;2,66;1153,38
2084;4,97;3,76;;;;
2085;2,51;2,53;0,26;;;13,3
2086;6,02;3,8;0,3;37,23;3;34,88
2087;4,99;3,83;0,18;171,56;3;0,69
2088;4,99;3,83;0,2;116,24;2,95;21,88
2089;5;3,83;0,18;159,75;2,96;2,76
2090;4,99;3,83;0,17;194,83;2,98;0,86
2091;4,99;3,83;0,23;51,09;2,68;402,89
2092;4,99;3,82;0,19;137,54;2,96;8,05
2093;4,97;3,82;0,17;137,13;2,78;29,09
2094;4,98;3,83;0,21;59,82;2,62;273,64
2095;4,92;3,82;0,2;109,84;2,92;148,23
2096;4,89;3,83;0,25;44,46;2,74;103,59
2097;4,89;3,84;0,17;128,07;2,74;3,27
2098;4,87;3,82;0,2;73,61;2,67;138,85
2099;4,99;3,83;0,19;112,08;2,84;1,41
2100;4,97;3,83;0,24;59,61;2,86;303,48
2101;5;3,82;0,25;46,84;2,77;170,18
2102;4,91;3,84;0,25;40,32;2,67;164,74
2103;4,99;3,83;0,21;77;2,78;18,07
2104;4,88;3,82;0,17;127,86;2,74;16,26
2105;4,87;3,83;0,19;112,75;2,85;8,08
2106;4,98;3,83;0,19;113,65;2,85;14,15
2107;4,99;3,82;0,19;116,4;2,86;1,48
2108;4,99;3,83;0,19;140,04;2,98;0,2
2109;4,99;3,82;0,18;102,48;2,7;0,1
2110;4,89;3,82;0,18;145,4;2,9;0,51
2111;5;3,82;0,22;67,14;2,78;1,2
2112;4,9;3,83;0,19;143,69;2,99;0,53
2113;4,9;3,82;0,21;84,32;2,84;0,86
2114;4,91;3,82;0,16;253,51;3,02;0,19
2115;4,93;3,83;0,19;127,82;2,92;0,52
2116;4,9;3,82;0,19;108,91;2,82;0,39
2117;4,89;3,82;0,1;1329,41;3,12;0
2118;4,92;3,8;0,24;63,51;2,91;3,91
2119;5,04;3,83;0,32;23,8;2,78;330,58
2120;4,91;3,81;0,19;124,59;2,91;0,26
2121;4,99;3,81;0,2;110,52;2,92;2,4
2122;4,9;3,81;0,2;97,89;2,85;0,45
2123;4,88;3,81;0,23;80,95;2,99;1,6
2124;4,9;3,8;0,24;57,24;2,84;7,13
2125;5,01;3,81;0,25;48,13;2,79;25,14
2126;5;3,81;0,25;81,06;3,17;5,11
2127;5,02;3,82;0,15;230,14;2,87;1,73
2128;4,98;3,81;0,25;39,52;2,65;805,39
2129;5;3,78;0,25;60,82;2,96;0,16
2130;2,53;;0,19;;;
2131;2,53;;0,17;;;
2132;2,53;;0,22;;;
2133;2,53;;0,21;;;
2134;2,53;;0,24;;;
2135;2,53;;0,16;;;
2136;2,53;;0,2;;;
2137;2,53;;0,23;;;
2138;2,53;;0,25;;;
2139;2,53;;0,25;;;
2140;2,53;;0,21;;;
2141;2,53;;0,17;;;
2142;2,53;;0,18;;;
2143;2,53;;0,19;;;
2144;2,53;;0,18;;;
2145;2,53;;0,19;;;
2146;2,53;;0,14;;;
2147;2,53;;0,27;;;
2148;2,53;;0,32;;;
2149;2,53;;0,23;;;
2150;2,53;;0,25;;;
2151;2,53;;0,25;;;
2152;2,53;;0,17;;;
2153;2,53;;0,24;;;
2186;2,55;2,53;0,11;;;0,07
2187;2,55;2,54;0,1;;;0,03
2188;2,6;2,52;0,11;;;0,02
2189;2,57;2,53;0,11;;;0,08
2190;2,54;2,55;0,1;;;0,02
2191;2,56;2,51;0,11;;;0,04
2192;2,58;2,52;0,11;;;0,01
2193;2,57;2,52;0,14;;;0
2194;2,58;2,52;0,13;;;0,01
2195;2,58;2,52;0,1;;;0,03
2196;2,58;2,52;0,12;;;0,02
2197;6,73;3,81;0,26;28,6;2,49;225,33
2198;6,86;3,8;0,26;28,78;2,49;276,07
2199;6,83;3,81;0,25;32,04;2,5;145,11
2200;6,81;3,81;0,27;30,36;2,61;123,62
2201;6,89;3,8;0,29;21,75;2,49;5030,38
2202;6,71;3,81;0,27;25,59;2,48;199,32
2203;6,84;3,81;0,26;33,09;2,6;60,72
2204;6,77;3,82;0,25;43,22;2,72;21,23
2205;6,77;3,82;0,15;200,07;2,79;0,52
2206;7,02;3,81;0,11;497,7;2,81;0,14
2207;6,89;3,82;0,27;24,02;2,43;537,16
2208;6,81;3,81;0,24;43,08;2,64;26,98
2209;6,63;3,81;0,2;81,14;2,73;0,46
2210;6,75;3,82;0,2;85,91;2,77;0,87
2211;6,86;3,81;0,25;40,17;2,66;6
2212;6,93;3,81;0,25;44,58;2,74;5,08
2213;6,74;3,81;0,23;48,1;2,64;5,65
2214;6,99;3,81;0,29;22,13;2,5;75,73
2215;6,9;3,82;0,3;20,5;2,51;87,29
2216;6,95;3,82;0,3;21,1;2,53;74,25
2217;6,83;3,82;0,3;21,39;2,54;57,92
2218;6,89;3,81;0,29;25,81;2,63;20,54
2219;6,81;3,82;0,28;28,85;2,64;15,35
2220;6,87;3,82;0,27;27,56;2,53;71,68
2221;6,83;3,81;0,24;45,75;2,68;6,95
2222;6,81;3,81;0,28;26,32;2,57;28
2223;6,93;3,8;0,28;28,42;2,63;42,84
2224;6,9;3,81;0,28;28,86;2,64;17,14
2225;6,95;3,81;0,26;29,29;2,51;34,14
2226;6,8;3,81;0,31;17,31;2,43;724,68
2227;4,79;3,85;0,23;;;0,14
2228;5,05;3,85;0,22;;;0,1
2229;4,74;3,85;0,23;;;5,55
2230;4,49;3,85;0,22;;;3,41
2231;4,67;3,85;0,26;40,34;2,74;0,38
2232;4,43;3,85;0,25;43,22;2,72;0,18
2233;4,65;3,85;0,21;76,99;2,78;0,17
2234;4,44;3,85;0,19;93,21;2,73;0,09
2235;4,62;3,85;0,21;;;0,28
2236;4,48;3,85;0,21;;;0,22
2237;4,63;3,85;0,25;43,52;2,72;0,21
2238;4,45;3,85;0,22;60,82;2,71;0,13
2239;4,69;3,85;0,27;;;0,73
2240;4,44;3,84;0,27;;;0,45
2241;4,66;3,85;0,23;;;0,29
2242;4,42;3,84;0,22;;;0,1
2243;7,03;3,78;0,4;;;
2244;7,21;3,81;0,37;;;
2245;7,28;3,78;0,39;;;5757,5
2246;7,16;3,8;0,36;;;3924,51
2247;6,31;3,82;0,36;;;3792,26
2248;7,12;3,8;0,38;;;5651,22
2249;7,25;3,82;0,35;;;994,74
2250;7,02;3,8;0,36;;;1673,62
2251;7,08;3,82;0,35;;;141,03
2252;7,11;3,82;0,31;;;71,8
2253;7,08;3,82;0,32;;;60,32
2254;7,14;3,82;0,29;;;20,8
2255;7,08;3,82;0,29;;;22,87
2256;7,25;3,82;0,29;;;27,73
2257;4,45;3,81;0,19;120,43;2,88;6,75
2258;4,95;3,81;0,19;110,39;2,83;15,7
2259;4,33;3,78;0,37;14,16;2,67;194,67
2260;4,93;3,81;0,23;55,38;2,73;0,79
2261;4,93;3,8;0,32;22,24;2,72;43,64
2262;4,81;3,81;0,26;42,13;2,78;108,75
2263;4,63;3,81;0,22;66,49;2,77;127,7
2264;4,66;3,81;0,25;48,04;2,79;7,44
2265;4,94;3,81;0,26;49,93;2,9;9,26
2266;4,45;3,81;0,24;54,55;2,8;2,25
2267;5,02;3,81;0,2;138;3,06;8,14
2268;5,01;3,81;0,19;138,39;2,97;15,54
2269;7,12;3,79;;;;
2270;6,81;3,76;0,41;4,4;1,66;
2271;7,04;3,79;0,4;5,69;1,9;
2272;7,19;3,81;0,29;14,2;2,14;56,21
2273;7,28;3,75;0,37;7,31;2;
2274;7,28;3,71;;;;
2275;7,21;3,71;0,38;4,74;1,61;
2276;7,33;3,8;0,34;9,35;2,07;107,02
2277;7,62;3,76;0,36;;;322,85
2278;7,56;3,73;0,36;;;560,87
2279;7,47;3,67;0,4;;;2000
2280;4,74;3,74;0,36;;;275,07
2281;5,06;3,7;0,38;;;11387,33
2282;5,01;3,77;0,38;;;521,07
2283;5;3,58;0,38;;;11037,5
2284;5,02;3,71;0,38;;;6044,88
2285;5,01;3,7;0,38;;;1772,91
2286;;;;;;
2287;;;;;;
2288;;;;;;
2289;;;;;;
2291;6,17;3,79;0,42;;;543,38
2292;6,2;3,77;0,41;;;135,42
2293;6,17;3,78;0,38;;;1178,64
2294;6,56;3,82;0,33;;;37,9
2295;6,05;3,79;0,43;;;381,14
2296;6,21;3,77;0,41;;;142,82
2297;6,25;3,74;0,41;;;1735,96
2298;6,15;3,8;0,31;;;9,05
2299;6,04;3,79;0,2;;;29,48
2300;6,2;3,77;0,42;;;177,17
2301;5,82;3,8;0,32;;;107,92
2302;4,69;3,77;0,41;;;69,28
2303;2,38;3,79;0,16;;;0,08
2304;4,67;3,76;0,42;;;232,5
2305;4,3;3,55;0,44;;;956,63
2306;5,83;3,79;0,31;;;95,68
2307;5,84;3,77;0,23;;;2,44
2308;5,33;3,76;0,39;;;1544,85
2309;6,21;3,78;0,28;;;10,76
2310;6,36;3,76;0,39;;;6693,52
2311;6,84;3,82;0,27;29,44;2,58;0,76
2312;7,11;3,68;0,39;9,89;2,43;1291,64
2313;6,96;3,75;0,34;14,55;2,48;47,14
2314;6,97;3,76;0,31;18,06;2,47;30,46
2315;6,97;3,76;0,35;12,28;2,39;125,05
2316;6,97;3,77;0,35;14,1;2,52;22,07
2317;6,99;3,8;0,31;19,44;2,53;5,4
2318;6,99;3,78;0,33;20,77;2,74;5,65
2319;6,99;3,77;0,38;11,66;2,54;97,49
2320;6,95;3,81;0,3;19,15;2,45;6,67
2321;7,02;3,78;0,35;14,44;2,54;33,83
2322;7,02;3,81;0,31;20,03;2,56;7,8
2323;7,01;3,78;0,37;11,63;2,47;130,96
2324;7,02;3,78;0,36;12,43;2,47;90,77
2325;7,03;3,81;0,32;16,95;2,48;13,83
2326;1,03;3,76;0,4;8,95;2,39;262,54
2327;7,02;3,75;0,41;8,56;2,41;322,32
2328;7,04;3,83;0,28;21,53;2,41;3,76
2329;7,02;3,77;0,4;8,55;2,34;421,18
2330;7,04;3,78;0,33;14,46;2,41;33,79
2331;7,04;3,79;0,32;17,01;2,49;23,9
2332;5,03;3,81;0,24;59,34;2,86;15,31
2333;5,03;3,81;0,31;28,72;2,87;39,32
2334;5,04;3,81;0,28;36;2,82;67,45
2335;5,05;3,81;0,27;50,94;3;1,25
2336;5,03;3,81;0,28;36,91;2,83;61,52
2337;4,93;3,81;0,28;34,24;2,78;111,17
2338;5,03;3,81;0,29;32,07;2,8;93,83
2339;5,05;3,82;0,27;34,52;2,7;136,53
2340;5,03;3,82;0,25;58,87;2,94;2,35
2341;5,05;3,81;0,26;63,82;3,09;0,44
2342;5,06;3,81;0,26;;;0,42
2343;4,93;3,81;0,27;;;0,18
2344;5,13;3,81;0,27;48,17;2,96;2,02
2345;5,04;3,81;0,27;53,13;3,03;4,44
2346;;;0,24;15,31;1,91;
2347;;;0,31;39,84;3,15;
2348;;;0,29;67,21;3,4;
2349;;;0,28;61,52;3,24;
2350;;;0,27;138,68;3,77;
2351;;;0,27;2;0,53;
2352;;;0,27;4,39;1,13;
2353;7,13;3,76;0,36;13,32;2,53;103,52
2354;7;3,76;0,36;15,32;2,67;99,1
2355;7,05;3,78;0,28;36,14;2,82;6,81
2356;7,05;3,76;0,37;12,97;2,58;752,71
2357;7,06;3,77;0,32;19,23;2,59;591,6
2358;7;3,71;0,33;17,77;2,6;587,85
2359;7,13;3,76;0,36;13,2;2,53;175,52
2360;7,02;3,69;0,37;11,99;2,5;2694,46
2361;6,17;3,48;0,29;25,72;2,62;58,27
2386;5,31;3,8;0,33;15,51;2,47;152,51
2387;4,5;3,79;0,38;12,96;2,65;321,54
2388;4,72;3,79;0,35;14,44;2,54;571,19
2389;4,8;3,8;0,34;15,87;2,56;23,87
2390;4,52;3,8;0,36;15,32;2,67;285,96
2391;4,51;3,81;0,35;13,48;2,48;57,56
2392;4,68;3,8;0,32;15,8;2,42;16,2
2393;6,5;3,8;0,31;25,88;2,78;6,46
2394;4,5;3,78;0,35;16,38;2,66;475,47
2395;4,58;3,8;0,31;19,29;2,53;9,69
2396;4,57;3,8;0,3;20,41;2,51;18,24
2397;4,75;3,79;0,33;20,88;2,74;74,89
2398;;;0,33;;;
2399;;;0,38;;;
2400;;;0,33;;;
2401;;;0,34;;;
2402;;;0,36;;;
2403;;;0,35;;;
2404;;;0,32;;;
2405;;;0,32;;;
2406;;;0,36;;;
2407;;;0,31;;;
2408;;;0,31;;;
2409;;;0,34;;;
2410;4,47;3,79;0,36;;;274,47
2411;4,53;3,79;0,37;;;705,79
2412;4,68;3,8;0,29;;;12,13
2413;4,99;3,8;0,35;;;100,84
2414;;;0,37;;;
2415;;;0,38;;;
2416;;;0,31;;;
2417;;;0,35;;;
2418;7,02;3,58;0,41;;;7506,73
2419;7,16;3,57;0,38;;;12563,11
2420;7,04;3,56;0,41;;;4204,07
2421;7,08;3,58;0,43;;;3038,5
2422;6,95;3,58;0,38;;;86,27
2423;7,05;3,57;0,41;;;16557,79
2424;7,01;3,58;0,41;;;7451,69
2425;7,01;3,56;0,42;;;8094,09
2426;6,89;3,58;0,43;;;5040,49
2427;6,53;3,58;0,39;;;1033,31
2428;7,04;3,59;0,41;;;3493,59
2429;;;0,3;;;
2430;;;0,44;;;
2431;;;0,33;;;
2433;;;0,41;;;
2434;;;0,15;;;
2435;;;0,22;;;
2436;;;0,24;;;
2437;;;0,42;;;
2438;;;0,34;;;
2439;;;0,13;;;
2440;;;0,13;;;
2441;;;0,39;;;
2658;6,46;3,79;0,32;;;3858,74
2659;6,21;3,8;0,36;;;13562,58
2660;6,37;3,79;0,43;;;1640,46
2661;5,87;3,8;0,43;;;1433,33
2662;6,43;3,77;0,44;7,86;2,51;1869,08
2663;6,56;3,79;0,32;15,39;2,4;4957,97
2664;6,51;3,8;0,33;13,43;2,34;7745,22
2665;6,45;3,8;0,36;;;
2666;6,42;3,79;0,3;15,74;2,29;114,08
2667;5,44;3,8;0,33;;;3417,39
2668;5,63;3,82;0,36;;;10572,09
2669;5,39;3,8;0,43;;;1920,17
2670;5,52;3,83;0,33;;;63,71
2671;5,27;3,8;0,32;;;41,09
2672;5,4;3,81;0,39;;;510,48
2673;5,24;3,8;0,4;;;550,78
2674;5,46;3,8;0,37;;;2028,53
2675;5,53;3,82;0,27;;;7,47
2676;5,57;3,82;0,36;;;11135,31
2677;;;0,3;16,31;2,32;13656,22
2678;;;0,28;31,74;2,72;
2679;;;0,31;233,52;4,66;88,77
2680;;;;;;
2681;;;0,09;6550;3,65;0,29
2682;;;;;;
2683;;;;;;
2684;;;0,38;10,68;2,45;13658,25
2685;;;0,4;9,37;2,44;17602,53
2686;;;0,36;191,05;5,14;7920
2687;;;0,3;;;23119,44
2688;;;0,31;;;
2689;;;0,3;;;27459,55
2690;;;0,32;;;19680
2691;;;0,13;;;
2692;;;;;;
2693;;;0,39;;;15843,59
2694;;;0,39;;;15040
2695;;;;;;
2696;;;0,33;;;
2697;;;0,28;;;5,15
2699;5,95;3,73;0,38;;;6549,56
2700;5,83;3,73;0,45;;;16886,65
2701;5,88;3,73;0,4;;;7504,05
2702;6,16;3,73;0,41;;;7848,92
2703;6,1;3,73;0,41;;;12753,48
2704;5,95;3,78;0,42;;;4082,65
2705;5,97;3,78;0,39;;;7374,89
2706;6,08;3,76;0,32;;;263,53
2707;6,02;3,78;0,39;;;760
2708;6;3,67;0,37;;;16482,16
2709;6,03;3,8;0,35;;;3380,71
2710;6,01;3,81;0,43;;;10426,89
2711;6,09;3,76;0,4;;;3814,51
2712;5,95;3,78;0,41;;;3878,38
2713;6,13;3,78;0,4;;;7027,13
2714;5,85;3,79;0,42;;;940,41
2715;6,1;3,63;0,37;;;17822,95
2716;;;0,4;;;859,26
2717;;;0,39;;;712,89
2718;;;0,43;;;2,09
2719;;;0,43;;;1,26
2720;;;0,39;;;3,49
2721;;;0,4;;;3,37
2722;;;0,44;;;7,81
2723;;;0,41;;;7,43
2724;;;0,41;;;7,52
2725;;;0,38;8,73;2,24;468,88
2726;;;0,32;12;2,18;1,9
2727;;;0,37;;;3,27
2728;;;0,34;11,25;2,24;2,03
2729;;;0,36;8,86;2,14;458,87
2730;;;0,38;;;945,49
2731;6,04;3,77;0,37;10,52;2,37;594,78
2732;5,85;3,63;0,43;7,83;2,44;28450,63
2733;5,95;3,77;0,45;6,8;2,4;10567,62
2734;6,1;3,73;0,41;8;2,33;9463,24
2740;6,45;3,8;0,24;45,08;2,67;192,31
2741;6,33;3,79;0,28;27,71;2,61;53,43
2742;6,73;3,78;0,25;32,19;2,5;694,61
2743;6,8;3,78;0,26;29,8;2,52;433,82
2744;6,78;3,78;0,25;37,36;2,61;41,95
2745;6,42;3,78;0,27;31,09;2,62;98,37
2746;4,8;3,78;0,21;55,16;2,57;0,79
2747;5,96;3,78;0,25;38,38;2,63;232,35
2748;6,78;3,78;0,24;39,02;2,57;407,23
2749;6,75;3,75;0,19;39,83;2,22;0,42
2750;6,8;3,75;0,23;77,74;2,96;16,41
2751;6,76;3,75;0,15;161,8;2,68;13,17
2752;6,09;3,73;0,22;68,57;2,79;1,11
2753;6,19;3,74;0,26;42,47;2,78;60,23
2754;6,76;3,74;0,27;34,65;2,71;34,65
2755;6,76;3,75;0,18;89,29;2,62;203,17
2756;6,8;3,75;0,25;32,31;2,51;302,63
2757;5,17;3,73;0,22;38,19;2,41;2,54
2758;7,09;3,78;0,25;48,82;2,8;21,89
2759;7,04;3,78;0,23;50,78;2,67;1,29
2760;7,08;3,78;0,17;189,9;2,96;0,12
2761;7,08;3,8;0,16;184,95;2,85;0,73
2762;7,1;3,8;0,14;385,51;3,03;0,1
2763;6,95;3,8;0,14;313,07;2,92;0,01
2764;6,96;3,8;0,16;246,8;3,01;0,04
2765;7,09;3,79;0,13;514,78;3,06;0,04
2766;6,98;3,79;0,21;90,14;2,88;0,49
2767;6,93;3,79;0,17;198,49;2,99;0,02
2768;6,98;3,8;0,17;169,82;2,9;0,03
2769;7,08;3,79;0,21;107,4;3;0,29
2770;7,06;3,8;0,25;41,97;2,7;21,97
2771;7,11;3,79;0,14;416,03;3,07;0,08
2772;7,08;3,81;0,23;53,11;2,7;2,95
2773;6,92;3,8;0,19;159,64;3,05;0,06
2775;;;0,3;41,89;3,1;20,74
2778;;;0,24;58,88;2,86;2,53
2781;;;0,25;51,34;2,84;7,14
2783;;;0,25;;;4,32
2784;;;0,3;;;26,15
2786;;;0,28;24,98;2,53;1482,35
2788;;;0,31;;;47,69
2789;;;0,27;30,84;2,62;92,37
2791;;;0,26;34,42;2,63;455
2794;;;0,26;;;354,94
2795;;;0,3;41,51;3,09;3890,41
2799;;;0,29;;;1358,94
2802;;;0,31;30,46;2,92;3086,4
2803;;;0,31;;;2576,44
2810;;;0,33;21,15;2,75;959,02
2812;;;0,35;16,92;2,69;839,74
2813;;;0,35;;;844,96
2814;;;0,34;19,58;2,76;530,61
2817;;;0,32;24,68;2,81;206,1
2819;;;0,31;;;147,05
2820;;;0,22;60,31;2,71;0,63
2821;;;0,23;56,51;2,75;0,24
2822;;;0,24;;;0,18
2823;;;0,24;50,58;2,75;0,77
2824;;;0,25;;;0,89
2825;;;0,24;48,61;2,72;0,76
2826;;;0,31;;;5,6
2828;;;0,24;;;1,33
2829;;;0,3;;;13,57
2833;;;0,27;;;6,89
2834;;;0,27;;;11,29
2840;;;0,27;;;98,57
2842;;;0,33;;;251,81
2844;;;0,34;;;264,88
2846;;;0,34;;;349,19
2849;;;0,26;;;362,56
2850;;;0,34;;;210,54
2852;;;0,35;;;319,74
