plug_id;n;o;p
431;;0,85;0,85
431;;0,85;0,85
431;;0,82;0,9
431;;0,39;3,69
431;;0,24;8,76
431;;0,18;15,73
432;;0,8;0,98
432;;0,74;1,11
432;;0,54;1,89
432;;0,28;5,63
432;;0,19;11,05
432;;0,16;15,56
433;;0,85;0,85
433;;0,85;0,85
433;;0,85;0,85
433;;0,83;0,88
433;;0,64;1,43
433;;0,43;2,87
434;;0,81;0,9
434;;0,64;1,44
434;;0,35;3,91
434;;0,19;11,48
434;;0,16;15,98
434;;0,12;23,55
435;;0,57;1,86
435;;0,46;2,54
435;;0,24;9,1
435;;0,21;11,48
436;;0,66;1,37
436;;0,52;2,22
436;;0,31;5,99
436;;0,19;14,62
436;;0,17;21,59
436;;0,15;27,88
437;;0,8;0,96
437;;0,64;1,45
437;;0,32;5,53
438;;0,85;0,85
438;;0,85;0,85
438;;0,69;1,33
438;;0,48;3,15
438;;0,43;3,77
438;;0,39;4,8
1200;0;0,85;0,85
1200;0,04;0,5;2,21
1200;0,09;0,2;11,82
1200;0,26;0,12;33,75
1200;0,85;0,08;71,4
1200;1,7;0,06;107,95
1200;3,4;0,05;170,85
1205;0;0,85;0,85
1205;0,04;0,29;6,04
1205;0,09;0,2;12,92
1205;0,26;0,13;32,81
1205;0,85;0,08;69,7
1205;1,7;0,06;104,55
1205;3,4;0,05;160,65
1212;0;0,85;0,85
1212;0,04;0,78;1,02
1212;0,09;0,4;3,91
1212;0,26;0,31;7,57
1212;0,85;0,22;16,15
1212;1,7;0,16;28,9
1212;3,4;0,12;55,25
1219;0;0,66;1,36
1219;0,04;0,36;4,51
1219;0,09;0,35;5,19
1219;0,26;0,32;6,89
1219;0,85;0,24;14,45
1219;1,7;0,18;25,5
1219;3,4;0,14;50,15
1233;0;0,71;1,7
1233;0,04;0,2;19,72
1233;0,09;0,19;25,33
1233;0,26;0,15;48,54
1233;0,85;0,11;113,9
1233;1,7;0,09;178,5
1233;3,4;0,08;300,05
1234;0;0,85;0,85
1234;0,09;0,85;0,88
1234;0,09;0,84;0,89
1234;0,17;0,82;0,96
1234;0,34;0,56;2,18
1234;0,68;0,39;4,38
1234;1,7;0,3;8,14
1234;4,25;0,23;14,76
1234;10,2;0,15;35,11
1234;12,75;0,14;40,47
1239;0;0,85;0,85
1239;0,04;0,83;0,85
1239;0,09;0,77;1,02
1239;0,17;0,39;3,66
1239;0,34;0,25;9,78
1239;0,68;0,18;17,77
1239;1,7;0,14;33,32
1239;4,25;0,11;55,08
1239;12,75;0,09;84,83
1240;0;0,85;0,85
1240;0,04;0,84;0,85
1240;0,09;0,6;1,7
1240;0,17;0,25;9,44
1240;0,34;0,15;20,4
1240;0,68;0,13;32,3
1240;1,7;0,1;56,44
1240;4,25;0,09;85,09
1240;12,75;0,07;130,48
1242;0;0,85;0,85
1242;0,04;0,81;0,94
1242;0,09;0,7;1,19
1242;0,17;0,41;3,49
1242;0,34;0,22;10,71
1242;0,68;0,17;17,17
1242;1,7;0,14;27,03
1242;4,25;0,12;40,55
1242;12,75;0,1;65,37
1243;0;0,85;0,85
1243;0,04;0,85;0,85
1243;0,09;0,84;0,85
1243;0,17;0,83;0,85
1243;0,34;0,82;0,85
1243;0,68;0,82;0,85
1243;1,7;0,69;1,28
1243;4,25;0,53;2,13
1243;10,2;0,41;3,23
1243;12,75;0,39;3,4
1244;0;0,85;0,85
1244;0,04;0,84;0,94
1244;0,09;0,74;1,19
1244;0,17;0,23;7,31
1244;0,34;0,14;19,3
1244;0,68;0,09;39,1
1244;1,7;0,07;84,15
1244;12,75;0,03;267,84
1246;0;0,85;0,85
1246;0,04;0,84;0,94
1246;0,09;0,72;1,19
1246;0,17;0,27;6,38
1246;0,34;0,17;15,05
1246;0,68;0,14;27,88
1246;1,7;0,09;55,34
1246;4,25;0,07;108,29
1246;12,75;0,06;202,73
1247;0;0,85;0,85
1247;0,04;0,82;0,94
1247;0,09;0,74;1,19
1247;0,17;0,43;4,25
1247;0,34;0,32;8,84
1247;0,68;0,2;22,36
1247;1,7;0,14;56,53
1247;4,25;0,09;125,12
1247;10,2;0,07;225,17
1247;12,75;0,07;255,43
1249;0;0,85;0,85
1249;0,04;0,82;0,94
1249;0,09;0,73;1,19
1249;0,17;0,47;3,32
1249;0,34;0,34;7,14
1249;0,68;0,26;13,26
1249;1,7;0,19;34,43
1249;4,25;0,12;72,59
1249;12,75;0,09;136,26
1250;0;0,85;0,85
1250;0,04;0,81;0,94
1250;0,09;0,73;0,94
1250;0,17;0,6;1,45
1250;0,34;0,34;4,68
1250;0,68;0,26;8,84
1250;1,7;0,19;18,7
1250;4,25;0,14;38,42
1250;10,2;0,1;82,88
1250;12,75;0,09;100,56
1250;0;0,85;0,85
1251;0,04;0,84;0,94
1251;0,09;0,84;0,94
1251;0,17;0,82;0,94
1251;0,34;0,43;4,42
1251;0,68;0,33;10,12
1251;1,7;0,27;18,87
1251;4,25;0,25;30,04
1251;10,2;0,2;69,5
1251;12,75;0,19;79,5
1253;0;0,85;0,85
1253;0,04;0,85;0,85
1253;0,09;0,73;1,28
1253;0,17;0,47;3,15
1253;0,34;0,36;6,46
1253;0,68;0,29;10,63
1253;1,7;0,26;15,64
1253;4,25;0,21;26,5
1253;10,2;0,17;62,25
1254;0;0,85;0,85
1254;0,04;0,84;0,94
1254;0,09;0,84;0,94
1254;0,17;0,84;0,94
1254;0,34;0,82;1,02
1254;0,68;0,71;1,36
1254;1,7;0,54;2,64
1254;4,25;0,42;4,76
1254;10,2;0,26;11,99
1254;12,75;0,25;14,54
1256;0;0,85;0,85
1256;0,04;0,82;0,94
1256;0,09;0,8;1,02
1256;0,17;0,73;1,28
1256;0,34;0,48;3,74
1256;0,68;0,38;7,14
1256;1,7;0,3;14,62
1256;4,25;0,22;30,52
1256;12,75;0,18;57,89
1258;0;0,85;0,85
1258;0,04;0,85;0,94
1258;0,09;0,84;0,94
1258;0,17;0,84;0,94
1258;0,34;0,62;1,96
1258;0,68;0,45;4
1258;1,7;0,31;8,84
1258;4,25;0,23;20,57
1258;10,2;0,16;43,18
1258;12,75;0,16;47,69
1259;0;0,85;0,85
1259;0,04;0,85;0,85
1259;0,09;0,85;0,85
1259;0,17;0,85;0,85
1259;0,34;0,56;2,04
1259;0,68;0,38;4,25
1259;1,7;0,31;7,2
1259;4,25;0,26;10,74
1259;10,2;0,22;14,82
1259;12,75;0,22;15,8
1260;0;0,85;0,85
1260;0,04;0,82;0,94
1260;0,09;0,77;1,02
1260;0,17;0,4;3,66
1260;0,34;0,2;12,75
1260;0,68;0,14;24,57
1260;1,7;0,1;45,14
1260;4,25;0,08;75,57
1260;12,75;0,07;131,92
1262;0;0,85;0,85
1262;0,04;0,83;0,85
1262;0,09;0,69;1,36
1262;0,17;0,28;5,87
1262;0,34;0,2;11,14
1262;0,68;0,15;17,85
1262;1,7;0,11;31,2
1262;4,25;0,09;56,27
1262;12,75;0,07;106,17
1264;0;0,85;0,85
1264;0,04;0,82;0,85
1264;0,09;0,69;1,28
1264;0,17;0,24;8,5
1264;0,34;0,16;20,23
1264;0,68;0,12;37,83
1264;1,7;0,08;85,85
1264;4,25;0,05;187,68
1264;10,2;0,04;342,21
1264;12,75;0,04;429,34
1266;0;0,85;0,85
1266;0,04;0,82;0,94
1266;0,09;0,59;1,87
1266;0,17;0,19;14,88
1266;0,34;0,14;32,3
1266;0,68;0,1;58,4
1266;1,7;0,07;129,12
1266;4,25;0,05;285,35
1266;12,75;0,03;564,91
1268;0;0,85;0,85
1268;0,04;0,82;0,85
1268;0,09;0,73;1,11
1268;0,17;0,3;5,1
1268;0,34;0,18;13,86
1268;0,68;0,13;25,93
1268;1,7;0,09;53,72
1268;4,25;0,08;100,98
1268;10,2;0,06;150,28
1268;12,75;0,06;175,19
1270;0;0,85;0,85
1270;0,09;0,82;0,94
1270;0,09;0,77;1,11
1270;0,17;0,31;5,53
1270;0,34;0,2;15,22
1270;0,68;0,15;29,84
1270;4,25;0,09;107,1
1270;12,75;0,07;199,5
1273;0;0,85;0,85
1273;0,04;0,81;0,94
1273;0,09;0,38;3,74
1273;0,17;0,15;24,99
1273;0,34;0,1;64,86
1273;0,68;0,08;128,35
1273;1,7;0,06;242,68
1273;4,25;0,05;363,38
1273;12,75;0,05;566,02
1280;2,55;0,85;0,89
1280;3,4;0,85;0,94
1280;4,25;0,85;0,95
1280;5,1;0,85;0,87
1280;6,8;0,84;0,87
1280;8,5;0,84;0,88
1280;10,2;0,84;0,88
1281;2,55;0,81;0,87
1281;3,4;0,81;0,91
1281;4,25;0,81;0,92
1281;5,1;0,81;0,85
1281;6,8;0,8;0,85
1281;8,5;0,8;0,87
1281;10,2;0,79;0,87
1282;2,55;0,83;0,9
1282;3,4;0,82;0,91
1282;4,25;0,81;0,94
1282;5,1;0,79;0,9
1282;6,8;0,67;1,16
1282;8,5;0,57;1,57
1282;10,2;0,43;2,44
1283;2,55;0,8;0,88
1283;3,4;0,84;0,88
1283;4,25;0,84;0,88
1283;5,1;0,84;0,76
1283;6,8;0,83;0,77
1283;8,5;0,81;0,9
1283;10,2;0,73;1,08
1284;2,55;0,85;0,87
1284;3,4;0,85;0,86
1284;4,25;0,85;0,88
1284;5,1;0,85;0,81
1284;6,8;0,84;0,83
1284;8,5;0,83;0,84
1284;10,2;0,74;1,08
1285;2,55;0,82;0,88
1285;3,4;0,82;0,91
1285;4,25;0,82;0,94
1285;5,1;0,81;0,88
1285;6,8;0,81;0,9
1285;8,5;0,8;0,88
1285;10,2;0,79;0,96
1288;2,55;0,84;0,9
1288;3,4;0,84;0,89
1288;4,25;0,84;0,94
1288;5,1;0,84;0,85
1288;6,8;0,83;0,87
1288;8,5;0,81;0,88
1288;10,2;0,79;0,99
1289;2,55;0,84;0,89
1289;3,4;0,84;0,87
1289;4,25;0,84;0,88
1289;5,1;0,83;0,82
1289;6,8;0,82;0,84
1289;8,5;0,79;0,89
1289;10,2;0,77;1,06
1290;2,55;0,81;0,88
1290;3,4;0,49;2,07
1290;4,25;0,31;4,11
1290;5,1;0,15;12,24
1290;6,8;0,11;19,47
1290;8,5;0,09;23,55
1290;10,2;0,08;31,28
1291;2,55;0,72;2,28
1291;3,4;0,32;4,09
1291;4,25;0,22;6,79
1291;5,1;0,14;15,39
1291;6,8;0,11;21,93
1291;8,5;0,1;24,06
1291;10,2;0,07;36,21
1292;2,55;0,83;0,98
1292;3,4;0,56;1,79
1292;4,25;0,43;2,66
1292;5,1;0,19;11,05
1292;6,8;0,14;16,92
1292;8,5;0,11;22,95
1292;10,2;0,09;32,3
1293;2,55;0,83;0,88
1293;3,4;0,66;1,5
1293;4,25;0,4;3
1293;5,1;0,26;6,41
1293;6,8;0,25;6,74
1293;8,5;0,17;11,14
1293;10,2;0,12;18,19
1294;2,55;0,82;0,86
1294;3,4;0,58;1,55
1294;4,25;0,32;3,79
1294;5,1;0,2;8,67
1294;6,8;0,15;13,09
1294;8,5;0,13;16,75
1294;10,2;0,09;27,88
1295;2,55;0,83;1,02
1295;3,4;0,54;1,88
1295;4,25;0,29;5,08
1295;5,1;0,22;8,16
1295;6,8;0,14;14,88
1295;8,5;0,12;18,11
1295;10,2;0,09;27,12
1296;2,55;0,84;0,88
1296;3,4;0,83;1,04
1296;4,25;0,76;1,13
1296;5,1;0,46;2,58
1296;6,8;0,23;6,82
1296;8,5;0,18;9,44
1296;10,2;0,13;14,45
1297;2,55;0,83;0,87
1297;3,4;0,8;0,91
1297;4,25;0,66;1,31
1297;5,1;0,3;4,51
1297;6,8;0,35;3,44
1297;8,5;0,33;3,71
1297;10,2;0,14;12,41
1298;2,55;0,84;0,88
1298;3,4;0,83;1,13
1298;4,25;0,73;1,13
1298;5,1;0,59;1,84
1298;6,8;0,32;4,2
1298;8,5;0,19;9,44
1298;10,2;0,13;14,54
1299;2,55;0,83;0,9
1299;3,4;0,83;0,95
1299;4,25;0,82;0,89
1299;5,1;0,82;0,92
1299;6,8;0,81;0,92
1299;8,5;0,79;0,95
1299;10,2;0,62;1,47
1300;0;0,85;0,85
1300;0,04;0,83;0,93
1300;0,17;0,6;1,61
1300;0,34;0,5;2,23
1300;0,68;0,44;2,93
1300;1,02;0,41;3,08
1300;1,7;0,39;3,65
1300;4,25;0,36;4,41
1300;6,8;0,34;4,46
1301;0;0,85;0,85
1301;0,04;0,82;0,94
1301;0,17;0,41;3,77
1301;0,34;0,31;5,96
1301;0,68;0,24;9,87
1301;1,02;0,2;11,73
1301;1,7;0,17;16,12
1301;4,25;0,15;23,08
1301;6,8;0,14;23,92
1302;0;0,85;0,85
1302;0,04;0,82;0,95
1302;0,17;0,49;2,52
1302;0,34;0,24;8,88
1302;0,68;0,18;15,38
1302;1,02;0,16;17,49
1302;1,7;0,14;21,66
1302;4,25;0,13;28,24
1302;6,8;0,12;31,95
1303;0;0,85;0,85
1303;0,04;0,82;0,94
1303;0,17;0,6;1,78
1303;0,34;0,28;7,08
1303;0,68;0,15;26,2
1303;1,02;0,12;36,31
1303;1,7;0,12;44,06
1303;4,25;0,11;52,34
1303;6,8;0,1;60,43
1304;0;0,85;0,85
1304;0,04;0,81;0,98
1304;0,17;0,27;9,67
1304;0,34;0,14;34,05
1304;0,68;0,11;53,34
1304;1,02;0,1;61,15
1304;1,7;0,09;77,23
1304;4,25;0,08;101,84
1304;6,8;0,08;110,12
1305;0;0,85;0,85
1305;0,09;0,84;0,94
1305;0,17;0,59;1,69
1305;0,34;0,42;3,46
1305;0,68;0,33;5,69
1305;1,28;0,27;7,86
1305;2,55;0,23;11,22
1305;4,25;0,2;15,64
1305;10,2;0,16;29,92
1306;0;0,85;0,85
1306;0,09;0,85;0,85
1306;0,17;0,85;0,85
1306;0,34;0,85;0,85
1306;0,68;0,83;0,88
1306;1,28;0,81;0,89
1306;2,55;0,71;1,1
1306;4,25;0,59;1,65
1306;10,2;0,49;2,89
1307;0;0,85;0,85
1307;0,09;0,85;0,85
1307;0,17;0,85;0,85
1307;0,34;0,53;2,04
1307;0,68;0,41;3,41
1307;1,28;0,34;4,85
1307;2,55;0,27;7,61
1307;4,25;0,23;11,05
1307;10,2;0,19;20,66
1308;0;0,85;0,85
1308;0,09;0,85;0,85
1308;0,17;0,85;0,85
1308;0,34;0,57;1,95
1308;0,68;0,44;3,52
1308;1,28;0,36;5,07
1308;2,55;0,3;7,76
1308;4,25;0,26;11,05
1308;10,2;0,22;19,3
1309;0;0,85;0,85
1309;0,09;0,65;1,57
1309;0,17;0,51;2,54
1309;0,34;0,41;4,26
1309;0,68;0,33;6,77
1309;1,28;0,27;9,95
1309;2,55;0,22;16,41
1309;4,25;0,19;24,91
1309;10,2;0,15;45,82
1310;0;0,85;0,85
1310;0,09;0,85;0,85
1310;0,17;0,85;0,85
1310;0,34;0,79;1,01
1310;0,68;0,57;1,91
1310;1,28;0,47;2,64
1310;2,55;0,39;3,87
1310;4,25;0,34;5,47
1310;10,2;0,27;9,52
1311;0;0,85;0,85
1311;0,09;0,77;1,1
1311;0,17;0,65;1,56
1311;0,34;0,54;2,36
1311;0,68;0,44;3,61
1311;1,28;0,37;5,24
1311;2,55;0,3;7,97
1311;4,25;0,27;11,31
1311;10,2;0,2;21,68
1312;0;0,85;0,85
1312;0,09;0,42;3,03
1312;0,17;0,37;4,28
1312;0,34;0,31;6,12
1312;0,68;0,25;8,76
1312;1,28;0,21;12,41
1312;2,55;0,17;19,98
1312;4,25;0,15;28,82
1312;10,2;0,11;50,41
1313;0;0,85;0,85
1313;0,09;0,7;1,32
1313;0,17;0,58;1,93
1313;0,34;0,48;3
1313;0,68;0,4;4,49
1313;1,28;0,32;6,72
1313;2,55;0,26;10,8
1313;4,25;0,23;14,96
1313;10,2;0,16;29,84
1314;0;0,85;0,85
1314;0,09;0,85;0,85
1314;0,17;0,85;0,85
1314;0,34;0,85;0,85
1314;0,68;0,8;1,02
1314;1,28;0,58;1,67
1314;2,55;0,39;3,34
1314;4,25;0,31;5
1314;10,2;0,22;9,35
1315;0;0,85;0,85
1315;0,09;0,85;0,85
1315;0,17;0,85;0,85
1315;0,34;0,82;1
1315;0,68;0,75;1,16
1315;1,28;0,57;1,79
1315;2,55;0,4;3,36
1315;4,25;0,33;4,77
1315;10,2;0,24;8,23
1316;0;0,85;0,85
1316;0,09;0,59;1,82
1316;0,17;0,48;2,48
1316;0,34;0,41;3,53
1316;0,68;0,34;4,73
1316;1,28;0,27;6,61
1316;2,55;0,21;10,46
1316;4,25;0,19;13,43
1316;10,2;0,15;20,91
1317;0;0,85;0,85
1317;0,09;0,7;1,31
1317;0,17;0,45;2,81
1317;0,34;0,36;4,33
1317;0,68;0,29;6,15
1317;1,28;0,25;8,3
1317;2,55;0,2;13,26
1317;4,25;0,18;18,96
1317;10,2;0,14;36,04
1319;0;0,85;0,85
1319;0,04;0,77;1,05
1319;0,09;0,71;1,33
1319;0,17;0,56;2,4
1319;0,51;0,45;4,52
1319;1,28;0,39;7,06
1319;2,55;0,34;10,57
1319;4,25;0,29;15,05
1320;0;0,85;0,85
1320;0,04;0,76;1,05
1320;0,09;0,6;1,83
1320;0,17;0,42;4,24
1320;0,51;0,32;9,44
1320;1,28;0,26;16,27
1320;2,55;0,22;25,28
1320;4,25;0,18;36,68
1322;0;0,85;0,85
1322;0,04;0,77;1,13
1322;0,09;0,25;15,5
1322;0,17;0,18;34,6
1322;0,51;0,13;84,82
1322;1,28;0,1;162,2
1322;2,55;0,09;255,27
1322;4,25;0,07;379,37
1324;0;0,85;0,85
1324;0,04;0,74;1,2
1324;0,09;0,43;3,85
1324;0,17;0,31;8,42
1324;0,51;0,23;19,7
1324;1,28;0,18;35,85
1324;2,55;0,15;57,18
1324;4,25;0,12;84,8
1327;0;0,85;0,85
1327;0,04;0,73;1,35
1327;0,09;0,17;32,03
1327;0,17;0,13;75
1327;0,51;0,1;177,28
1327;1,28;0,08;322,05
1327;2,55;0,07;474,05
1327;4,25;0,06;671,43
1328;0;0,85;0,85
1328;0,04;0,76;1,09
1328;0,09;0,74;1,19
1328;0,17;0,6;1,78
1328;0,51;0,43;3,83
1328;1,28;0,36;5,68
1328;2,55;0,31;7,58
1328;4,25;0,27;9,61
1330;0;0,85;0,85
1330;0,04;0,41;3,54
1330;0,09;0,23;11,8
1330;0,26;0,14;53,61
1330;0,85;0,1;177,04
1330;3,4;0,06;493,27
1330;10,2;0,05;650,77
1333;0;0,85;0,85
1333;0,04;0,51;2,57
1333;0,09;0,32;7,27
1333;0,26;0,17;46,09
1333;0,85;0,13;155,09
1333;3,4;0,08;417,27
1333;10,2;0,07;524,82
1334;0;0,85;0,85
1334;0,04;0,63;1,65
1334;0,09;0,48;2,75
1334;0,26;0,14;44,02
1334;0,85;0,11;130,43
1334;3,4;0,06;365,34
1334;10,2;0,05;493,77
1336;0;0,85;0,85
1336;0,04;0,36;4,86
1336;0,09;0,22;13,31
1336;0,26;0,15;44,68
1336;0,85;0,11;131,89
1336;3,4;0,06;387,35
1336;10,2;0,05;551,98
1337;0;0,85;0,85
1337;0,04;0,65;1,8
1337;0,09;0,47;3,36
1337;0,26;0,15;42,94
1337;0,85;0,11;126,39
1337;3,4;0,07;337,93
1337;10,2;0,06;448,74
1446;0,12;0,78;
1446;0,23;0,61;
1446;0,47;0,48;
1446;0,94;0,41;
1446;1,88;0,35;
1446;3,75;0,31;
1446;7,5;0,29;
1446;;0,85;0,85
1446;;0,82;1,15
1446;;0,78;1,22
1446;;0,62;3,23
1446;;0,48;0,99
1446;;0,41;4,86
1446;;0,35;6,48
1446;;0,31;6,48
1446;;0,29;7,9
1450;0,12;0,82;
1450;0,23;0,75;
1450;0,47;0,56;
1450;0,94;0,48;
1450;1,88;0,41;
1450;3,75;0,36;
1450;7,5;0,31;
1450;;0,85;0,85
1450;;0,83;1,05
1450;;0,83;1,12
1450;;0,75;1,32
1450;;0,56;2,26
1450;;0,47;2,96
1450;;0,41;3,6
1450;;0,36;4,6
1450;;0,31;6,85
1453;0,12;0,8;
1453;0,23;0,65;
1453;0,47;0,54;
1453;0,94;0,46;
1453;1,88;0,41;
1453;3,75;0,36;
1453;7,5;0,33;
1453;;0,85;0,85
1453;;0,82;1,05
1453;;0,8;1,15
1453;;0,66;1,73
1453;;0,53;2,46
1453;;0,46;2,96
1453;;0,4;3,73
1453;;0,36;4,81
1453;;0,33;5,7
1454;0,12;0,82;
1454;0,23;0,74;
1454;0,47;0,6;
1454;0,94;0,54;
1454;1,88;0,48;
1454;3,75;0,43;
1454;7,5;0,36;
1454;;0,85;0,85
1454;;0,83;1,04
1454;;0,83;1,05
1454;;0,74;1,21
1454;;0,61;1,9
1454;;0,54;2,22
1454;;0,48;2,55
1454;;0,43;3,14
1454;;0,36;4,68
1457;0,12;0,82;
1457;0,23;0,82;
1457;0,47;0,77;
1457;0,94;0,66;
1457;1,88;0,58;
1457;3,75;0,51;
1457;7,5;0,43;
1457;;0,85;0,85
1457;;0,83;1,11
1457;;0,83;1,1
1457;;0,82;1,2
1457;;0,76;1,21
1457;;0,67;1,53
1457;;0,58;1,99
1457;;0,51;2,52
1457;;0,44;3,37
1460;0,12;0,43;
1460;0,23;0,31;
1460;0,47;0,24;
1460;0,94;0,17;
1460;1,88;0,13;
1460;3,75;0,09;
1460;7,5;0,09;
1462;0,12;0,79;
1462;0,23;0,56;
1462;0,47;0,43;
1462;0,94;0,37;
1462;1,88;0,31;
1462;3,75;0,27;
1462;7,5;0,24;
1468;0,12;0,81;
1468;0,23;0,75;
1468;0,47;0,61;
1468;0,94;0,52;
1468;1,88;0,46;
1468;3,75;0,41;
1468;7,5;0,34;
1472;0,12;0,82;
1472;0,23;0,77;
1472;0,47;0,65;
1472;0,94;0,58;
1472;1,88;0,51;
1472;3,75;0,46;
1472;7,5;0,39;
1557;;0,84;0,94
1557;;0,84;0,89
1557;;0,84;0,88
1557;;0,77;1
1557;;0,77;0,99
1557;;0,59;1,51
1557;;0,35;3,79
1557;;0,29;4,46
1557;;0,22;6,45
1557;;0,45;2,6
1557;;0,55;1,74
1559;;0,83;0,94
1559;;0,84;0,92
1559;;0,84;0,88
1559;;0,82;0,99
1559;;0,74;1,05
1559;;0,32;4,34
1559;;0,35;3,94
1559;;0,29;4,79
1559;;0,22;7,15
1559;;0,39;3,27
1559;;0,32;4,81
1560;;0,84;0,94
1560;;0,84;0,92
1560;;0,84;0,88
1560;;0,8;0,92
1560;;0,79;0,96
1560;;0,67;1,35
1560;;0,61;1,54
1560;;0,69;1,16
1560;;0,36;3,55
1560;;0,33;4,05
1560;;0,3;5,19
1561;;0,84;0,94
1561;;0,84;0,91
1561;;0,84;0,88
1561;;0,8;0,96
1561;;0,78;1,04
1561;;0,36;3,94
1561;;0,26;6,06
1561;;0,29;4,79
1561;;0,24;6,25
1561;;0,49;2,35
1561;;0,56;2,15
1562;;0,83;0,92
1562;;0,84;0,91
1562;;0,84;0,88
1562;;0,81;0,98
1562;;0,78;0,96
1562;;0,59;1,58
1562;;0,41;2,99
1562;;0,48;2,2
1562;;0,44;2,53
1562;;0,61;1,55
1562;;0,63;1,75
1563;;0,83;0,91
1563;;0,84;0,94
1563;;0,84;0,88
1563;;0,82;0,89
1563;;0,8;1,05
1563;;0,65;1,39
1563;;0,35;3,54
1563;;0,28;4,87
1563;;0,36;3,58
1563;;0,55;1,73
1563;;0,57;1,81
1587;0;0,85;0,85
1587;0,02;0,85;0,85
1587;0,03;0,84;0,86
1587;0,04;0,84;0,87
1587;0,09;0,77;1,04
1587;0,17;0,44;2,81
1587;0,34;0,31;5,65
1587;1,28;0,19;15,38
1604;0;0,85;0,84
1604;0,02;0,85;0,86
1604;0,03;0,84;0,87
1604;0,04;0,84;0,88
1604;0,09;0,7;1,26
1604;0,17;0,33;4,68
1604;0,34;0,23;9,4
1604;1,28;0,13;26,82
1612;0;0,85;0,83
1612;0,02;0,85;0,86
1612;0,03;0,84;0,88
1612;0,04;0,83;0,89
1612;0,09;0,35;3,67
1612;0,17;0,21;8,22
1612;0,34;0,16;14,93
1612;1,28;0,09;38,49
1625;0;0,85;0,85
1625;0,02;0,85;0,86
1625;0,03;0,84;0,89
1625;0,04;0,82;0,94
1625;0,09;0,3;5,19
1625;0,17;0,2;11,28
1625;0,34;0,15;20,24
1625;1,28;0,09;50,27
1642;0;0,85;0,85
1642;0,02;0,85;0,85
1642;0,03;0,84;0,88
1642;0,04;0,83;0,91
1642;0,09;0,26;6,88
1642;0,17;0,18;13,61
1642;0,34;0,14;23,24
1642;1,28;0,08;54,09
1680;10,2;0,51;2,31
1681;10,2;0,49;2,41
1682;10,2;0,64;1,44
1685;10,2;0,57;1,79
1686;10,2;0,41;3,44
1687;10,2;0,61;1,55
1689;10,2;0,74;1,1
1690;10,2;0,7;1,23
1691;10,2;0,77;
1692;10,2;0,59;1,7
1694;10,2;0,75;1,09
1792;;0,85;0,85
1792;0,09;0,81;0,88
1792;0,17;0,44;2,74
1792;0,34;0,18;19,55
1792;0,68;0,11;48,37
1792;1,28;0,08;90,1
1792;2,55;0,06;113,05
1792;4,25;0,06;131,75
1792;10,2;0,06;139,4
1793;;0,85;0,85
1793;0,09;0,83;0,88
1793;0,17;0,77;0,99
1793;0,34;0,29;6,38
1793;0,68;0,19;14,45
1793;1,28;0,13;32,64
1793;2,55;0,1;47,43
1793;4,25;0,09;56,1
1793;10,2;0,08;65,11
1794;;0,85;0,85
1794;0,09;0,69;1,16
1794;0,17;0,31;6,25
1794;0,34;0,14;32,73
1794;0,68;0,09;75,06
1794;1,28;0,06;144,5
1794;2,55;0,05;205,7
1794;4,25;0,04;236,3
1794;10,2;0,04;270,3
1795;;0,85;0,85
1795;0,09;0,82;0,88
1795;0,17;0,82;0,88
1795;0,34;0,82;0,96
1795;0,68;0,76;1,03
1795;1,28;0,47;1,72
1795;2,55;0,38;2,26
1795;4,25;0,32;2,87
1795;10,2;0,25;3,88
1796;;0,85;0,85
1796;0,09;0,82;0,87
1796;0,17;0,82;0,87
1796;0,34;0,82;0,93
1796;0,68;0,78;1,05
1796;1,28;0,49;1,92
1796;2,55;0,39;2,76
1796;4,25;0,33;3,48
1796;10,2;0,24;5,67
1797;;0,85;0,85
1797;0,09;0,83;0,88
1797;0,17;0,83;0,88
1797;0,34;0,82;0,88
1797;0,68;0,59;1,6
1797;1,28;0,35;3,18
1797;2,55;0,27;4,61
1797;4,25;0,23;6,23
1797;10,2;0,19;7,85
1798;;0,85;0,85
1798;0,09;0,82;0,88
1798;0,17;0,82;0,93
1798;0,34;0,75;1,05
1798;0,68;0,42;2,6
1798;1,28;0,3;4,17
1798;2,55;0,24;6,23
1798;4,25;0,21;7,57
1798;10,2;0,2;9,01
1799;;0,85;0,85
1799;0,09;0,83;0,88
1799;0,17;0,83;0,91
1799;0,34;0,57;1,61
1799;0,68;0,29;3,82
1799;1,28;0,2;5,41
1799;2,55;0,16;7,51
1799;4,25;0,15;8,59
1799;10,2;0,14;9,18
1800;;0,85;0,85
1800;0,09;0,84;0,87
1800;0,17;0,83;0,89
1800;0,34;0,75;1,05
1800;0,68;0,37;3,12
1800;1,28;0,26;4,88
1800;2,55;0,22;6,66
1800;4,25;0,19;7,83
1800;10,2;0,17;9,01
1801;;0,85;0,85
1801;0,09;0,8;0,87
1801;0,17;0,5;1,83
1801;0,34;0,17;9,78
1801;0,68;0,11;17,85
1801;1,28;0,07;30,52
1801;2,55;0,06;40,46
1801;4,25;0,06;45,05
1801;10,2;0,05;46,41
1802;;0,85;0,85
1802;0,09;0,32;4,62
1802;0,17;0,27;6,7
1802;0,34;0,09;54,15
1802;0,68;0,06;100,3
1802;1,28;0,05;179,35
1802;2,55;0,04;266,9
1802;4,25;0,03;397,8
1802;10,2;0,03;
1803;;0,85;0,85
1803;0,09;0,72;1,09
1803;0,17;0,35;4,22
1803;0,34;0,11;34,26
1803;0,68;0,07;69,45
1803;1,28;0,05;181,9
1803;2,55;0,04;294,1
1803;4,25;0,03;384,2
1803;10,2;0,03;
1804;;0,85;0,85
1804;0,09;0,72;1,07
1804;0,17;0,36;4
1804;0,34;0,11;36,47
1804;0,68;0,07;90,1
1804;1,28;0,04;154,7
1804;2,55;0,04;223,55
1804;4,25;0,03;275,4
1804;10,2;0,03;
1805;;0,85;0,85
1805;0,09;0,29;4,78
1805;0,17;0,26;5,85
1805;0,34;0,08;42,59
1805;0,68;0,06;85
1805;1,28;0,04;136,85
1805;2,55;0,03;189,55
1805;4,25;0,03;210,8
1805;10,2;0,03;215,05
1806;;0,85;0,85
1806;0,09;0,78;1,01
1806;0,17;0,57;1,86
1806;0,34;0,33;5,78
1806;0,68;0,24;11,82
1806;1,28;0,19;19,89
1806;2,55;0,15;31,96
1806;4,25;0,14;40,97
1806;10,2;1,28;45,05
1807;;0,85;0,85
1807;0,09;0,83;0,89
1807;0,17;0,82;0,9
1807;0,34;0,5;2,3
1807;0,68;0,27;6,45
1807;1,28;0,18;13,35
1807;2,55;0,14;21,59
1807;4,25;0,13;27,29
1807;10,2;0,12;30,52
1808;;0,85;0,85
1808;0,09;0,79;0,96
1808;0,17;0,79;0,98
1808;0,34;0,78;1
1808;0,68;0,71;1,15
1808;1,28;0,45;2,25
1808;2,55;0,37;2,8
1808;4,25;0,3;3,94
1808;10,2;0,22;6,61
1809;;0,85;0,85
1809;0,09;0,82;0,9
1809;0,17;0,53;1,96
1809;0,34;0,21;11,14
1809;0,68;0,15;20,06
1809;1,28;0,11;36,38
1809;2,55;0,1;40,72
1809;4,25;0,09;49,56
1809;10,2;0,83;570,35
1869;0;0,85;0,85
1869;0,09;0,74;1,17
1869;0,17;0,65;1,45
1869;0,34;0,49;2,41
1869;0,68;0,37;4,21
1869;1,28;0,31;5,67
1869;2,55;0,25;8,24
1869;4,25;0,21;10,37
1869;10,2;0,2;11,82
1870;0;0,85;0,85
1870;0,09;0,52;2,16
1870;0,17;0,5;2,27
1870;0,34;0,38;3,83
1870;0,68;0,3;7,26
1870;1,28;0,22;15,3
1870;2,55;0,2;22,36
1870;4,25;0,19;28,22
1870;10,2;0,19;31,2
1871;0;0,85;0,85
1871;0,09;0,82;1,04
1871;0,17;0,75;1,16
1871;0,34;0,57;1,98
1871;0,68;0,43;3,63
1871;1,28;0,34;4,27
1871;2,55;0,29;10,2
1871;4,25;0,25;16,15
1871;10,2;0,24;20,74
1872;0,09;75,65;1,15
1872;0,17;71,32;1,37
1872;0,34;59,67;2,23
1872;0,68;46,24;3,46
1872;1,28;41,99;4,36
1872;2,55;35,62;6,1
1872;4,25;30,35;6,95
1872;10,2;24,57;8,7
1873;0,09;58,31;1,82
1873;0,17;48,2;2,69
1873;0,34;32,9;5,69
1873;0,68;25,16;10,24
1873;1,28;23,55;11,79
1873;2,55;19,47;17,71
1873;4,25;16,66;24,85
1873;10,2;15,22;29,85
1874;0,09;73,19;1,16
1874;0,17;65,03;1,5
1874;0,34;48,03;2,87
1874;0,68;37,49;4,85
1874;1,28;35,19;5,55
1874;2,55;32,13;6,84
1874;4,25;28,31;8,98
1874;10,2;24,91;11,76
1971;0;0,85;0,85
1971;0,04;0,68;1,44
1971;0,09;0,32;6,32
1971;0,17;0,28;7,75
1971;0,34;0,24;9,89
1971;0,68;0,21;10,9
1971;1,28;0,18;13,92
1971;2,55;0,16;17,51
1971;4,25;0,15;20,74
2059;0;0,85;0,85
2059;0,04;0,63;1,72
2059;0,09;0,31;19,61
2059;0,17;0,29;20,66
2059;0,34;0,27;23,68
2059;0,68;0,25;26,21
2059;1,28;0,24;31,28
2059;2,55;0,24;32,51
2059;4,25;0,24;32,81
2088;;0,85;0,85
2088;;0,7;1,33
2088;;0,55;2,1
2088;;0,39;3,85
2088;;0,15;15,05
2090;;0,85;0,85
2090;;0,74;1,19
2090;;0,59;1,59
2090;;0,46;2,15
2090;;0,19;7,21
2091;;0,85;0,85
2091;;0,61;1,47
2091;;0,48;2,38
2091;;0,33;4,25
2091;;0,12;20,06
2094;;0,85;0,85
2094;;0,63;1,47
2094;;0,49;2,31
2094;;0,32;4,71
2094;;0,11;25,59
2096;;0,85;0,85
2096;;0,67;1,43
2096;;0,52;2,5
2096;;0,36;4,83
2096;;0,22;16,58
2097;;0,85;0,85
2097;;0,71;1,2
2097;;0,57;1,8
2097;;0,43;3,03
2097;;0,32;7,62
2098;;0,85;0,85
2098;;0,43;2,78
2098;;0,3;4,8
2098;;0,21;8,3
2098;;0,19;9,95
2100;;0,85;0,85
2100;;0,66;1,18
2100;;0,52;2,02
2100;;0,36;4,05
2100;;0,2;15,3
2101;;0,85;0,85
2101;;0,66;1,42
2101;;0,52;2,36
2101;;0,36;4,85
2101;;0,2;20,06
2102;;0,85;0,85
2102;;0,46;2,89
2102;;0,33;5,63
2102;;0,23;12,84
2102;;0,21;16,07
2103;;0,85;0,85
2103;;0,85;0,85
2103;;0,71;1,34
2103;;0,57;2,17
2103;;0,4;4,02
2104;;0,85;0,85
2104;;0,57;1,73
2104;;0,36;3,43
2104;;0,22;6,95
2104;;0,2;8,45
2105;;0,85;0,85
2105;;0,69;1,3
2105;;0,51;2,03
2105;;0,38;3,23
2105;;0,22;11,48
2107;;0,85;0,85
2107;;0,68;1,3
2107;;0,56;1,74
2107;;0,38;3,47
2107;;0,23;10,63
2109;;0,85;0,85
2109;;0,82;1,02
2109;;0,76;1,36
2109;;0,67;1,74
2109;;0,59;2,3
2112;;0,85;0,85
2112;;0,69;1,28
2112;;0,56;1,69
2112;;0,46;2,21
2112;;0,33;4,12
2114;;0,85;0,85
2114;;0,72;1,19
2114;;0,65;1,27
2114;;0,52;1,64
2114;;0,26;5,31
2117;;0,85;0,85
2117;;0,82;0,99
2117;;0,8;1,07
2117;;0,75;1,22
2117;;0,7;1,47
2118;;0,85;0,85
2118;;0,72;1,23
2118;;0,49;2,57
2118;;0,37;4,45
2118;;0,31;8,03
2119;;0,85;0,85
2119;;0,7;1,3
2119;;0,55;2,26
2119;;0,4;5,07
2119;;0,25;16,24
2123;;0,85;0,85
2123;;0,67;1,18
2123;;0,56;1,84
2123;;0,43;2,62
2123;;0,31;6,27
2124;;0,85;0,85
2124;;0,68;1,27
2124;;0,43;2,79
2124;;0,34;5,3
2124;;0,28;8,32
2125;;0,85;0,85
2125;;0,72;1,17
2125;;0,59;1,77
2125;;0,45;3,03
2125;;0,26;13,52
2127;;0,85;0,85
2127;;0,71;1,28
2127;;0,53;1,82
2127;;0,43;2,69
2127;;0,22;11,73
2128;;0,85;0,85
2128;;0,64;1,41
2128;;0,46;2,52
2128;;0,31;5,46
2128;;0,18;24,74
2198;0;0,85;0,85
2198;0,09;0,8;0,93
2198;0,17;0,31;4,89
2198;0,34;0,15;16,75
2198;0,68;0,11;29,84
2198;1,28;0,09;33,92
2198;2,55;0,08;39,19
2198;4,25;0,08;39,19
2198;10,2;0,08;39,27
2199;0;0,85;0,85
2199;0,09;0,83;0,88
2199;0,17;0,58;1,65
2199;0,34;0,24;8,5
2199;0,68;0,18;14,96
2199;1,28;0,16;17,26
2199;2,55;0,14;19,81
2199;4,25;0,14;21,76
2199;10,2;0,14;22,02
2203;0;0,85;0,85
2203;0,09;0,82;0,9
2203;0,17;0,79;0,97
2203;0,34;0,34;3,92
2203;0,68;0,23;7,91
2203;1,28;0,2;10,2
2203;2,55;0,18;11,39
2203;4,25;0,17;11,65
2203;10,2;0,17;11,73
2204;0;0,85;0,85
2204;0,09;0,83;0,88
2204;0,17;0,82;0,9
2204;0,34;0,59;1,55
2204;0,68;0,36;4,11
2204;1,28;0,31;4,95
2204;2,55;0,28;5,99
2204;4,25;0,26;6,82
2204;10,2;0,25;7,37
2205;0;0,85;0,85
2205;0,09;0,81;0,96
2205;0,17;0,8;0,97
2205;0,34;0,79;0,99
2205;0,68;0,77;1
2205;1,28;0,76;1,02
2205;2,55;0,76;1,03
2205;4,25;0,76;1,04
2205;10,2;0,76;1,04
2208;0;0,85;0,85
2208;0,09;0,83;0,86
2208;0,17;0,8;0,88
2208;0,34;0,5;2,03
2208;0,68;0,33;3,88
2208;1,28;0,28;5,18
2208;2,55;0,26;5,35
2208;4,25;0,25;5,74
2208;10,2;0,25;6,03
2210;0;0,85;0,85
2210;0,09;0,82;0,9
2210;0,17;0,81;0,91
2210;0,34;0,81;0,94
2210;0,68;0,79;0,99
2210;1,28;0,77;1
2210;2,55;0,77;1,02
2210;4,25;0,77;1,04
2210;10,2;0,76;1,06
2212;0;0,85;0,85
2212;0,09;0,84;0,87
2212;0,17;0,83;0,88
2212;0,34;0,81;0,89
2212;0,68;0,62;1,36
2212;1,28;0,5;1,93
2212;2,55;0,46;2,03
2212;4,25;0,44;2,72
2212;10,2;0,44;2,76
2215;0;0,85;0,85
2215;0,09;0,83;0,9
2215;0,17;0,8;0,96
2215;0,34;0,38;3,66
2215;0,68;0,25;6,78
2215;1,28;0,21;8,59
2215;2,55;0,2;8,67
2215;4,25;0,2;8,84
2215;10,2;0,2;8,93
2217;0;0,85;0,85
2217;0,09;0,84;0,94
2217;0,17;0,83;0,95
2217;0,34;0,46;2,35
2217;0,68;0,29;4
2217;1,28;0,25;6,19
2217;2,55;0,23;6,36
2217;4,25;0,22;7,17
2217;10,2;0,22;7,25
2218;0;0,85;0,85
2218;0,09;0,84;0,98
2218;0,17;0,82;1,05
2218;0,34;0,66;1,48
2218;0,68;0,39;2,98
2218;1,28;0,33;4,08
2218;2,55;0,31;4,3
2218;4,25;0,3;4,51
2218;10,2;0,3;4,77
2219;0;0,85;0,85
2219;0,09;0,83;0,89
2219;0,17;0,82;0,94
2219;0,34;0,77;1,12
2219;0,68;0,42;2,77
2219;1,28;0,36;3,71
2219;2,55;0,33;3,83
2219;4,25;0,32;4,01
2219;10,2;0,31;4,4
2220;0;0,85;0,85
2220;0,09;0,82;0,99
2220;0,17;0,65;1,41
2220;0,34;0,32;5,47
2220;0,68;0,24;8,49
2220;1,28;0,21;10,03
2220;2,55;0,2;10,37
2220;4,25;0,19;11,31
2220;10,2;0,19;11,73
2222;0;0,85;0,85
2222;0,09;0,84;0,89
2222;0,17;0,82;0,94
2222;0,34;0,65;1,36
2222;0,68;0,35;3,54
2222;1,28;0,29;4,62
2222;2,55;0,27;4,73
2222;4,25;0,27;4,8
2222;10,2;0,27;4,85
2224;0;0,85;0,85
2224;0,09;0,84;0,88
2224;0,17;0,83;0,92
2224;0,34;0,78;1,05
2224;0,68;0,43;2,41
2224;1,28;0,37;3,16
2224;2,55;0,35;3,19
2224;4,25;0,35;3,36
2224;10,2;0,35;3,44
2243;0;0,85;0,85
2243;0,05;0,39;3,83
2243;0,1;0,3;7,15
2243;0,34;0,2;18,53
2243;0,85;0,17;28,31
2243;1,7;0,16;37,91
2245;0;0,85;0,85
2245;0,05;0,35;4,67
2245;0,1;0,26;9,61
2245;0,34;0,19;22,19
2245;0,85;0,17;31,62
2245;1,7;0,15;40,72
2247;0;0,85;0,85
2247;0,05;0,23;10,8
2247;0,1;0,19;17,85
2247;0,34;0,15;32,39
2247;0,85;0,13;43,95
2247;1,7;0,13;57,29
2250;0;0,85;0,85
2250;0,05;0,38;3,6
2250;0,1;0,29;6,97
2250;0,34;0,2;16,15
2250;0,85;0,17;24,23
2250;1,7;0,15;32,47
2251;0;0,85;0,85
2251;0,07;0,51;2,3
2251;0,1;0,4;3,5
2251;0,34;0,27;6,76
2251;0,85;0,21;10,54
2251;1,7;0,18;13,18
2253;0;0,85;0,85
2253;0,07;0,78;1
2253;0,1;0,63;1,46
2253;0,34;0,42;3,22
2253;0,85;0,32;5,02
2253;1,7;0,29;6,3
2255;0;0,85;0,85
2255;0,07;0,85;0,85
2255;0,1;0,77;1,05
2255;0,34;0,5;2,32
2255;0,85;0,37;3,57
2255;1,7;0,32;4,48
2270;0;0,85;0,85
2270;0,09;0,54;2,23
2270;0,17;0,46;3,43
2270;0,26;0,39;5,5
2270;1,02;0,26;15,11
2270;2,38;0,17;52,64
2270;4,25;0,15;60,33
2270;6,8;0,15;45,91
2270;9,86;0,14;104,18
2271;0;0,85;0,85
2271;0,09;0,46;2,87
2271;0,17;0,39;4,51
2271;0,26;0,31;8,39
2271;1,02;0,2;24,25
2271;2,38;0,16;47,42
2271;4,25;0,14;52,24
2271;6,8;0,14;50,99
2271;9,86;0,14;48,62
2272;0;0,85;0,85
2272;0,09;0,83;0,88
2272;0,34;0,72;1,14
2272;0,51;0,55;2,01
2272;0,94;0,44;3,13
2272;1,7;0,35;5,41
2272;2,64;0,31;5,71
2272;4,34;0,27;10,01
2272;6,8;0,24;11,08
2272;10,03;0,23;13,42
2273;0;0,85;0,85
2273;0,09;0,31;5,73
2273;0,17;0,29;7,62
2273;0,26;0,23;14,85
2273;1,02;0,14;47,38
2273;2,38;0,11;84,76
2273;4,25;0,09;68,48
2273;6,8;0,09;132,82
2273;9,86;0,09;81,09
2275;0;0,85;0,85
2275;0,09;0,31;6,51
2275;0,17;0,29;8,8
2275;0,26;0,22;18,93
2275;1,02;0,13;56,93
2275;2,38;0,09;101,96
2275;4,25;0,07;70,26
2275;6,8;0,07;163,65
2275;9,86;0,08;100,68
2276;0;0,85;0,85
2276;0,09;0,78;1,06
2276;0,34;0,46;2,38
2276;0,51;0,36;3,85
2276;0,94;0,27;5,71
2276;1,7;0,21;9,14
2276;2,64;0,17;13,59
2276;4,34;0,14;16,78
2276;6,8;0,1;21,3
2276;10,03;0,08;25,13
2296;0;0,85;
2296;0,62;0,85;
2296;1,85;0,85;
2296;4,93;0,5;
2296;12,33;0,3;
2296;30,86;0,22;
2296;61,63;0,18;
2296;147,9;0,14;
2297;0;0,85;
2297;0,62;0,76;
2297;1,85;0,35;
2297;4,93;0,26;
2297;12,33;0,2;
2297;30,86;0,15;
2297;61,63;0,11;
2298;0;0,85;
2298;0,62;0,83;
2298;1,85;0,82;
2298;4,93;0,75;
2298;12,33;0,61;
2298;30,86;0,49;
2298;61,63;0,38;
2298;147,9;0,3;
2299;0;0,85;
2299;0,62;0,72;
2299;1,85;0,46;
2299;4,93;0,35;
2299;12,33;0,29;
2299;30,86;0,23;
2299;61,63;0,17;
2299;147,9;0,13;
2311;;0,85;0,87
2311;;0,85;0,87
2311;;0,85;0,87
2311;;0,85;0,88
2311;;0,81;0,92
2311;;0,78;0,99
2311;;0,69;1,27
2311;;0,52;1,79
2312;0,09;0,48;2,77
2312;0,17;0,44;3,8
2312;0,34;0,41;4,74
2312;0,68;0,36;6,94
2312;1,28;0,31;11,31
2312;2,55;0,27;16,66
2312;4,25;0,26;19,64
2312;10,2;0,2;37,83
2313;0,09;0,81;0,96
2313;0,17;0,73;1,21
2313;0,34;0,66;1,49
2313;0,68;0,55;2,21
2313;1,28;0,45;3,96
2313;2,55;0,38;6,02
2313;4,25;0,34;8,59
2313;10,2;0,25;17,26
2315;0,09;0,79;1,05
2315;0,17;0,63;1,66
2315;0,34;0,57;2,08
2315;0,68;0,48;3
2315;1,28;0,39;5,19
2315;2,55;0,32;8,27
2315;4,25;0,1;12,07
2315;10,2;0,19;26,01
2317;;0,85;0,9
2317;;0,85;0,91
2317;;0,85;0,91
2317;;0,79;0,98
2317;;0,63;1,69
2317;;0,51;2,58
2317;;0,45;3,58
2317;;0,34;6,74
2321;;0,83;0,92
2321;;0,79;0,99
2321;;0,7;1,26
2321;;0,56;2
2321;;0,46;3,32
2321;;0,39;5,11
2321;;0,34;6,82
2321;;0,26;13,6
2322;;0,85;0,88
2322;;0,85;0,88
2322;;0,82;0,88
2322;;0,72;1,07
2322;;0,58;1,76
2322;;0,49;2,67
2322;;0,43;3,54
2322;;0,33;6,6
2324;0,09;0,83;0,93
2324;0,17;0,71;1,27
2324;0,34;0,58;1,93
2324;0,68;0,46;3,13
2324;1,28;0,38;5,6
2324;2,55;0,32;8,44
2324;4,25;0,28;11,56
2324;10,2;0,21;22,87
2325;;0,85;0,91
2325;;0,85;0,92
2325;;0,79;0,94
2325;;0,66;1,32
2325;;0,52;2,36
2325;;0,43;3,54
2325;;0,38;4,78
2325;;0,24;9,01
2327;0,09;0,8;1,02
2327;0,17;0,52;2,4
2327;0,34;0,46;3,19
2327;0,68;0,37;5,27
2327;1,28;0,28;10,71
2327;2,55;0,23;18,45
2327;4,25;0,19;26,52
2327;10,2;0,14;58,48
2328;0,09;0,85;0,9
2328;0,17;0,85;0,91
2328;0,34;0,85;0,91
2328;0,68;0,8;0,91
2328;1,28;0,65;1,48
2328;2,55;0,51;2,43
2328;4,25;0,45;3,25
2328;10,2;0,34;5,97
2329;0,09;0,82;0,99
2329;0,17;0,47;2,9
2329;0,34;0,4;4,17
2329;0,68;0,31;7,89
2329;1,28;0,23;17,77
2329;2,55;0,18;33,66
2329;4,25;0,15;48,28
2329;10,2;0,12;100,3
2332;;0,85;0,85
2332;;0,79;1,16
2332;;0,78;1,18
2332;;0,55;2,53
2332;;0,38;4,09
2332;;0,31;6,12
2332;;0,27;8,5
2332;;0,24;11,22
2332;;0,22;12,84
2333;;0,85;0,85
2333;;0,79;1,08
2333;;0,54;2
2333;;0,37;4,89
2333;;0,31;5,92
2333;;0,24;9,35
2333;;0,2;13,86
2333;;0,18;18,36
2333;;0,16;21,68
2334;;0,85;0,85
2334;;0,79;1,13
2334;;0,58;1,87
2334;;0,35;5,83
2334;;0,28;7,45
2334;;0,22;11,05
2334;;0,18;17,77
2334;;0,16;23,63
2334;;0,15;27,88
2335;;0,85;0,85
2335;;0,8;1,14
2335;;0,8;1,14
2335;;0,79;1,22
2335;;0,69;1,49
2335;;0,49;2,68
2335;;0,38;4,11
2335;;0,32;5,53
2335;;0,29;6,23
2336;;0,85;0,85
2336;;0,79;1,08
2336;;0,57;1,93
2336;;0,36;5,7
2336;;0,3;7,06
2336;;0,24;10,2
2336;;0,2;14,45
2336;;0,17;19,55
2336;;0,16;23,55
2337;;0,85;0,85
2337;;0,79;1,11
2337;;0,45;2,98
2337;;0,32;7,73
2337;;0,27;8,36
2337;;0,21;12,5
2337;;0,16;18,53
2337;;0,15;23,55
2337;;0,14;27,63
2338;;0,85;0,85
2338;;0,8;1,05
2338;;0,46;2,95
2338;;0,32;7,43
2338;;0,27;11,05
2338;;0,21;13,77
2338;;0,16;21,59
2338;;0,14;28,48
2338;;0,13;34,77
2339;;0,85;0,85
2339;;0,79;1,12
2339;;0,4;3,71
2339;;0,29;9,86
2339;;0,25;10,46
2339;;0,18;16,75
2339;;0,14;25,25
2339;;0,12;35,53
2339;;0,11;43,86
2340;;0,85;0,85
2340;;0,78;1,22
2340;;0,77;1,24
2340;;0,74;1,5
2340;;0,62;1,85
2340;;0,4;3,9
2340;;0,29;6,99
2340;;0,24;9,44
2340;;0,21;11,73
2341;;0,85;0,85
2341;;0,8;1,28
2341;;0,8;1,25
2341;;0,79;1,51
2341;;0,78;1,53
2341;;0,63;1,96
2341;;0,44;3,88
2341;;0,34;5,94
2341;;0,3;7,71
2344;;0,85;0,85
2344;;0,81;1,14
2344;;0,79;1,21
2344;;0,78;1,46
2344;;0,69;1,67
2344;;0,48;3,14
2344;;0,37;5,29
2344;;0,31;6,97
2344;;0,28;9,1
2345;;0,85;0,85
2345;;0,81;1,14
2345;;0,8;1,19
2345;;0,79;1,39
2345;;0,5;3,09
2345;;0,39;4,99
2345;;0,34;7,23
2345;;0,3;9,52
2345;;0,27;13,35
2386;0;0,85;0,85
2386;0,09;0,81;0,93
2386;0,17;0,6;1,4
2386;0,34;0,42;2,7
2386;0,68;0,33;3,91
2386;1,28;0,25;7,21
2386;2,55;0,21;9,61
2386;4,25;0,17;12,16
2386;10,2;0,17;14,62
2387;0;0,85;0,85
2387;0,09;0,62;1,44
2387;0,17;0,52;1,9
2387;0,34;0,4;3,24
2387;0,68;0,32;4,86
2387;1,28;0,25;8,36
2387;2,55;0,21;11,99
2387;4,25;0,19;16,66
2387;10,2;0,17;21,34
2388;0;0,85;0,85
2388;0,09;0,5;2,15
2388;0,17;0,45;2,54
2388;0,34;0,35;4,34
2388;0,68;0,27;9,01
2388;1,28;0,21;16,41
2388;2,55;0,18;24,31
2388;4,25;0,16;30,94
2388;10,2;0,15;36,55
2389;0;0,85;0,85
2389;0,09;0,85;0,85
2389;0,17;0,85;0,85
2389;0,34;0,67;1,37
2389;0,68;0,51;1,83
2389;1,28;0,39;3,05
2389;2,55;0,36;3,83
2389;4,25;0,32;5,19
2389;10,2;0,29;6,17
2390;0;0,85;0,85
2390;0,09;0,11;1,41
2390;0,17;0,54;1,61
2390;0,34;0,43;2,73
2390;0,68;0,35;3,72
2390;1,28;0,28;5,34
2390;2,55;0,24;8,76
2390;4,25;0,22;11,56
2390;10,2;0,2;14,71
2391;0;0,85;0,85
2391;0,09;0,85;0,85
2391;0,17;0,8;0,99
2391;0,34;0,58;1,81
2391;0,68;0,47;2,75
2391;1,28;0,37;4,53
2391;2,55;0,32;5,16
2391;4,25;0,28;6,37
2391;10,2;0,27;8,25
2392;0;0,85;0,85
2392;0,09;0,85;85
2392;0,17;0,85;0,85
2392;0,34;0,8;0,96
2392;0,68;0,62;1,45
2392;1,28;0,48;2,4
2392;2,55;0,39;3,04
2392;4,25;0,33;4,17
2392;10,2;0,32;4,9
2393;0;0,85;
2393;0,04;0,85;
2393;0,09;0,85;
2393;0,17;0,85;
2393;0,3;0,85;
2393;0,51;0,72;
2393;0,85;0,09;
2393;1,45;0,52;
2393;2,47;0,43;
2394;0;0,85;0,85
2394;0,09;0,56;1,56
2394;0,17;0,52;1,96
2394;0,34;0,42;2,55
2394;0,68;0,34;3,97
2394;1,28;0,26;6,19
2394;2,55;0,21;8,25
2394;4,25;0,19;10,46
2394;10,2;0,18;11,99
2395;0;0,85;0,85
2395;0,09;0,83;0,88
2395;0,17;0,83;0,99
2395;0,34;0,74;1,28
2395;0,68;0,61;1,43
2395;1,28;0,5;2,57
2395;2,55;0,43;3,48
2395;4,25;0,38;4,53
2395;10,2;0,34;5,79
2396;0;0,85;0,85
2396;0,09;0,85;0,85
2396;0,17;0,85;0,85
2396;0,34;0,74;0,99
2396;0,68;0,59;1,43
2396;1,28;0,47;2,46
2396;2,55;0,4;3
2396;4,25;0,34;3,94
2396;10,2;0,31;4,52
2397;0;0,85;0,85
2397;0,09;0,69;0,9
2397;0,17;0,67;1,16
2397;0,34;0,56;1,46
2397;0,68;0,46;2,07
2397;1,28;0,37;3,12
2397;2,55;0,31;5,18
2397;4,25;0,26;7,78
2397;10,2;0,23;10,29
2662;0;0,85;
2662;0,05;0,69;
2662;0,1;0,39;
2662;0,21;0,28;
2662;0,44;0,22;
2662;0,85;0,18;
2662;2,38;0,11;
2663;0;0,72;
2663;0,05;0,22;
2663;0,1;0,17;
2663;0,21;0,14;
2663;0,44;0,12;
2663;0,85;0,11;
2663;2,38;0,07;
2664;0;0,73;
2664;0,05;0,19;
2664;0,1;0,16;
2664;0,21;0,13;
2664;0,44;0,12;
2664;0,85;0,12;
2664;2,38;0,05;
2665;0;0,64;
2665;0,05;0,42;
2665;0,1;0,37;
2665;0,21;0,33;
2665;0,44;0,29;
2665;0,85;0,25;
2665;2,38;0,15;
2666;0;0,78;
2666;0,05;0,73;
2666;0,1;0,71;
2666;0,21;0,63;
2666;0,44;0,54;
2666;0,85;0,45;
2666;2,38;0,3;
2677;0;0,85;
2677;0,09;0,62;
2677;0,21;0,18;
2677;0,43;0,13;23,72
2677;0,85;0,11;39,02
2677;1,7;0,11;39,27
2677;3,4;0,11;44,12
2677;10,2;0,11;44,2
2678;0;0,85;
2678;0,09;0,5;
2678;0,21;0,26;
2678;0,43;0,18;16,75
2678;0,85;0,16;18,7
2678;1,7;0,15;19,72
2678;3,4;0,15;25,33
2678;10,2;0,14;27,29
2679;0;0,85;
2679;0,09;0,54;
2679;0,21;0,19;
2679;0,43;0,16;26,69
2679;0,85;0,15;37,91
2679;1,7;0,15;40,46
2679;3,4;0,14;44,8
2679;10,2;0,14;44,8
2681;0;0,85;
2681;0,09;0,68;
2681;0,21;0,18;
2681;0,43;0,15;
2681;0,85;0,12;
2681;1,7;0,12;
2681;3,4;0,12;
2681;10,2;0,12;
2684;0;0,85;
2684;0,09;0,62;
2684;0,21;0,15;
2684;0,43;0,11;16,41
2684;0,85;0,1;27,8
2684;1,7;0,1;28,05
2684;3,4;0,1;28,48
2684;10,2;0,1;29,92
2685;0;0,85;
2685;0,09;0,69;
2685;0,21;0,24;
2685;0,43;0,19;31,2
2685;0,85;0,17;45,14
2685;1,7;0,16;46,5
2685;3,4;0,15;46,75
2685;10,2;0,15;47,18
2686;0;0,85;
2686;0,09;0,69;
2686;0,21;0,24;
2686;0,43;0,19;6,89
2686;0,85;0,17;8,5
2686;1,7;0,16;9,52
2686;3,4;0,15;10,2
2686;10,2;0,15;10,46
2699;0;0,85;
2699;0,04;0,24;
2699;0,09;0,18;
2699;0,21;0,12;
2699;0,34;0,1;
2699;0,52;0,09;
2699;0,85;0,07;
2699;1,45;0,06;
2699;2,47;0,05;
2700;0;0,85;
2700;0,04;0,17;
2700;0,09;0,13;
2700;0,21;0,09;
2700;0,34;0,08;
2700;0,52;0,07;
2700;0,85;0,06;
2700;1,45;0,06;
2700;2,47;0,05;
2701;0;0,85;
2701;0,04;0,25;
2701;0,09;0,16;
2701;0,21;0,11;
2701;0,34;0,09;
2701;0,52;0,08;
2701;0,85;0,07;
2701;1,45;0,06;
2701;2,47;0,05;
2702;0;0,85;
2702;0,04;0,26;
2702;0,09;0,17;
2702;0,21;0,12;
2702;0,34;0,1;
2702;0,52;0,08;
2702;0,85;0,07;
2702;1,45;0,07;
2702;2,47;0,06;
2703;0;0,85;
2703;0,04;0,16;
2703;0,09;0,12;
2703;0,21;0,08;
2703;0,34;0,07;
2703;0,52;0,06;
2703;0,85;0,05;
2703;1,45;0,05;
2703;2,47;0,04;
2704;0;0,85;
2704;0,04;0,42;
2704;0,09;0,25;
2704;0,21;0,18;
2704;0,34;0,15;
2704;0,52;0,13;
2704;0,85;0,12;
2704;1,45;0,11;
2704;2,47;0,1;
2705;0;0,85;
2705;0,04;0,3;
2705;0,09;0,21;
2705;0,21;0,15;
2705;0,34;0,13;
2705;0,52;0,11;
2705;0,85;0,1;
2705;1,45;0,09;
2705;2,47;0,07;
2706;0;0,85;
2706;0,04;0,79;
2706;0,09;0,67;
2706;0,21;0,43;
2706;0,34;0,35;
2706;0,52;0,31;
2706;0,85;0,26;
2706;1,45;0,23;
2706;2,47;0,21;
2707;0;0,85;
2707;0,04;0,85;
2707;0,09;0,55;
2707;0,21;0,25;
2707;0,34;0,21;
2707;0,52;0,18;
2707;0,85;0,16;
2707;1,45;0,15;
2707;2,47;0,13;
2708;0;0,85;
2708;0,04;0,19;
2708;0,09;0,14;
2708;0,21;0,1;
2708;0,34;0,09;
2708;0,52;0,07;
2708;0,85;0,06;
2708;1,45;0,06;
2708;2,47;0,05;
2725;;0,85;0,85
2725;;0,66;1,39
2725;;0,56;1,87
2725;;0,42;3,02
2725;;0,38;3,54
2725;;0,32;4,54
2725;;0,26;7,61
2725;;0,23;10,03
2725;;0,2;14,37
2725;0,06;0,78;
2725;0,12;0,55;
2725;0,23;0,42;
2725;0,47;0,36;
2725;0,88;0,32;
2725;2,05;0,26;
2725;5,86;0,21;
2725;10,55;0,2;
2726;;0,85;0,85
2726;;0,6;1,74
2726;;0,46;2,98
2726;;0,39;3,55
2726;;0,26;6,89
2726;;0,17;16,41
2726;;0,15;19,72
2726;;0,13;31,88
2726;;0,12;36,04
2726;0,06;0,46;
2726;0,12;0,37;
2726;0,23;0,29;
2726;0,47;0,25;
2726;0,88;0,21;
2726;2,05;0,17;
2726;5,86;0,13;
2726;10,55;0,12;
2728;;0,85;0,85
2728;;0,47;2,75
2728;;0,41;3,55
2728;;0,35;4,47
2728;;0,29;6,04
2728;;0,26;7,44
2728;;0,25;8,43
2728;;0,14;24,74
2728;;0,12;35,11
2728;0,06;0,41;
2728;0,12;0,35;
2728;0,23;0,29;
2728;0,47;0,25;
2728;0,88;0,21;
2728;2,05;0,16;
2728;5,86;0,12;
2728;10,55;0,12;
2729;;0,85;0,85
2729;;0,71;1,22
2729;;0,46;2,51
2729;;0,36;4,21
2729;;0,32;4,99
2729;;0,26;7,22
2729;;0,2;12,92
2729;;0,17;17,51
2729;;0,15;24,48
2729;0,06;0,8;
2729;0,12;0,7;
2729;0,23;0,46;
2729;0,47;0,32;
2729;0,88;0,26;
2729;2,05;0,2;
2729;5,86;0,16;
2729;10,55;0,15;
2740;0;0,85;0,85
2740;0;0,85;0,85
2740;0,09;0,65;1,7
2740;0,17;0,6;2,22
2740;0,34;0,51;2,75
2740;0,68;0,42;4,7
2740;1,28;0,39;6,48
2740;2,55;0,38;6,66
2740;4,25;0,37;6,72
2740;10,2;0,35;8,84
2741;0;0,85;0,85
2741;0,09;0,84;0,88
2741;0,17;0,8;0,99
2741;0,34;0,57;1,89
2741;0,68;0,41;3,49
2741;1,28;0,37;4,1
2741;2,55;0,35;4,37
2741;4,25;0,35;4,51
2741;10,2;0,34;4,85
2742;0;0,85;0,85
2742;0,09;0,4;3,5
2742;0,17;0,32;4,92
2742;0,34;0,26;7,68
2742;0,68;0,2;11,05
2742;1,28;0,18;13,69
2742;2,55;0,18;13,77
2742;4,25;0,17;14,03
2742;10,2;0,17;14,62
2743;0;0,85;0,85
2743;0,09;0,53;2,33
2743;0,17;0,41;3,49
2743;0,34;0,32;6,32
2743;0,68;0,25;9,69
2743;1,28;0,23;11,73
2743;2,55;0,22;12,16
2743;4,25;0,22;12,5
2743;10,2;0,21;13,18
2744;0;0,85;0,85
2744;0,09;0,84;0,88
2744;0,17;0,81;0,96
2744;0,34;0,5;2,27
2744;0,68;0,39;3,25
2744;1,28;0,36;3,68
2744;2,55;0,35;3,89
2744;4,25;0,34;4,05
2744;10,2;0,32;4,45
2745;0;0,85;0,85
2745;0,09;0,81;0,97
2745;0,17;0,73;1,14
2745;0,34;0,42;3,13
2745;0,68;0,32;4,86
2745;1,28;0,29;5,86
2745;2,55;0,28;6,04
2745;4,25;0,28;6,26
2745;10,2;0,27;6,69
2746;0;0,85;
2746;0,09;0,81;
2746;0,17;0,81;
2746;0,34;0,81;
2746;0,68;0,8;
2746;1,28;0,8;
2746;2,55;0,79;
2746;4,25;0,79;
2746;10,2;0,79;
2747;0;0,85;0,85
2747;0,09;0,71;1,22
2747;0,17;0,54;1,9
2747;0,34;0,39;3,5
2747;0,68;0,31;5,3
2747;1,28;0,29;6,22
2747;2,55;0,29;6,39
2747;4,25;0,28;6,46
2747;10,2;0,27;7,04
2748;0;0,85;0,85
2748;0,09;0,56;1,96
2748;0,17;0,42;3,17
2748;0,34;0,31;5,7
2748;0,68;0,25;8,01
2748;1,28;0,24;9,61
2748;2,55;0,23;10,12
2748;4,25;0,23;10,2
2748;10,2;0,22;10,88
2749;0;0,85;0,85
2749;0,09;0,83;0,92
2749;0,17;0,83;0,94
2749;0,34;0,82;0,95
2749;0,68;0,79;0,98
2749;1,28;0,75;1,04
2749;2,55;0,75;1,09
2749;4,25;0,74;1,11
2749;10,2;0,73;1,13
2750;0;0,85;0,85
2750;0,09;0,85;0,87
2750;0,17;0,82;0,93
2750;0,34;0,62;1,67
2750;0,68;0,49;2,4
2750;1,28;0,46;2,77
2750;2,55;0,45;2,84
2750;4,25;0,44;2,96
2750;10,2;0,42;3,09
2751;0;0,85;0,85
2751;0,09;0,78;0,99
2751;0,17;0,71;1,12
2751;0,34;0,62;1,49
2751;0,68;0,56;1,57
2751;1,28;0,52;1,84
2751;2,55;0,51;1,94
2751;4,25;0,5;2,03
2751;10,2;0,47;2,35
2752;0;0,85;
2752;0,09;0,85;
2752;0,17;0,85;
2752;0,34;0,84;
2752;0,68;0,84;
2752;1,28;0,83;
2752;2,55;0,83;
2752;4,25;0,83;
2752;10,2;0,82;
2753;0;0,85;0,85
2753;0,09;0,81;0,95
2753;0,17;0,67;1,26
2753;0,34;0,51;2,12
2753;0,68;0,45;2,46
2753;1,28;0,41;3,06
2753;2,55;0,41;3,13
2753;4,25;0,41;3,14
2753;10,2;0,4;3,36
2754;0;0,85;0,85
2754;0,09;0,81;0,95
2754;0,17;0,74;1,15
2754;0,34;0,6;1,81
2754;0,43;0,53;1,83
2754;1,28;0,49;2,2
2754;2,55;0,48;2,28
2754;4,25;0,48;2,34
2754;10,2;0,46;2,49
2755;0;0,85;0,85
2755;0,09;0,45;2,39
2755;0,17;0,36;3,16
2755;0,34;0,29;5,09
2755;0,68;0,25;6,08
2755;1,28;0,23;8,02
2755;2,55;0,22;8,33
2755;4,25;0,22;8,5
2755;10,2;0,21;9,44
2756;0;0,85;0,85
2756;0,09;0,63;1,42
2756;0,17;0,49;1,95
2756;0,34;0,35;3,9
2756;0,68;0,29;4,92
2756;1,28;0,27;6,09
2756;2,55;0,26;6,37
2756;4,25;0,26;6,52
2756;10,2;0,25;6,96
2757;0;0,85;0,85
2757;0,09;0,84;0,86
2757;0,17;0,84;0,88
2757;0,34;0,82;0,91
2757;0,68;0,75;0,94
2757;1,28;0,7;1,06
2757;2,55;0,69;1,1
2757;4,25;0,68;1,19
2757;10,2;0,66;1,28
2758;0;0,85;0,85
2758;1,28;0,59;2,01
2758;2,55;0,56;2,11
2758;6,8;0,38;4,53
2758;12,75;0,35;5,45
2758;25,5;0,31;6,64
2758;51;0,29;7,35
2758;153;0,27;7,89
2759;0;0,85;0,85
2759;1,28;0,83;0,88
2759;2,55;0,82;0,92
2759;6,8;0,76;1,05
2759;12,75;0,68;1,28
2759;25,5;0,58;1,6
2759;51;0,56;1,79
2759;153;0,54;1,87
2760;0;0,85;0,85
2760;1,28;0,84;0,9
2760;2,55;0,82;0,94
2760;4,25;0,81;0,97
2760;12,75;0,79;1,01
2760;25,5;0,75;1,07
2760;51;0,71;1,21
2760;153;0,68;1,25
2761;0;0,85;0,85
2761;1,28;0,84;0,95
2761;2,55;0,83;0,97
2761;6,8;0,82;1,03
2761;12,75;0,8;1,05
2761;25,5;0,59;1,76
2761;51;0,56;2
2761;153;0,53;2,01
2762;0;0,85;0,85
2762;1,28;0,84;0,87
2762;2,55;0,83;0,88
2762;6,8;0,82;0,89
2762;12,75;0,82;0,91
2762;25,5;0,81;0,92
2762;51;0,81;0,94
2762;153;0,8;0,94
2763;0;0,85;0,85
2763;1,28;0,84;0,87
2763;2,55;0,83;0,88
2763;6,8;0,83;0,89
2763;12,75;0,82;0,91
2763;25,5;0,82;0,92
2763;51;0,81;0,93
2763;153;0,81;0,93
2764;0;0,85;0,85
2764;1,28;0,84;0,88
2764;2,55;0,83;0,88
2764;6,8;0,82;0,9
2764;12,75;0,81;0,92
2764;25,5;0,81;0,93
2764;51;0,81;0,93
2764;153;0,8;0,94
2765;0;0,85;0,85
2765;1,28;0,84;0,87
2765;2,55;0,83;0,88
2765;6,8;0,82;0,91
2765;12,75;0,81;0,92
2765;25,5;0,81;0,93
2765;51;0,8;0,94
2765;153;0,79;0,95
2766;0;0,85;0,85
2766;1,28;0,84;0,87
2766;2,55;0,84;0,89
2766;6,8;0,83;0,89
2766;12,75;0,82;0,9
2766;25,5;0,81;0,92
2766;51;0,8;0,96
2766;153;0,8;0,97
2767;0;0,85;0,85
2767;1,28;0,84;0,86
2767;2,55;0,84;0,87
2767;6,8;0,83;0,88
2767;12,75;0,83;0,89
2767;25,5;0,82;0,9
2767;51;0,82;0,9
2767;153;0,82;0,91
2768;0;0,85;0,85
2768;1,28;0,85;0,86
2768;2,55;0,84;0,87
2768;6,8;0,83;0,88
2768;12,75;0,83;0,89
2768;25,5;0,83;0,89
2768;51;0,82;0,91
2768;153;0,82;0,91
2769;0;0,85;0,85
2769;1,28;0,85;0,86
2769;2,55;0,84;0,86
2769;6,8;0,83;0,88
2769;12,75;0,83;0,89
2769;25,5;0,82;0,9
2769;51;0,82;0,91
2769;153;0,81;0,92
2770;0;0,85;0,85
2770;1,28;0,64;1,33
2770;2,55;0,49;2,04
2770;6,8;0,38;2,93
2770;12,75;0,34;3,78
2770;25,5;0,29;4,42
2770;51;0,28;4,77
2770;153;0,28;4,79
2771;0;0,85;0,85
2771;1,28;0,83;0,89
2771;2,55;0,81;0,94
2771;6,8;0,78;1,01
2771;12,75;0,76;1,05
2771;25,5;0,73;1,13
2771;51;0,7;1,18
2771;153;0,68;1,23
2772;0;0,85;0,85
2772;1,28;0,84;0,91
2772;2,55;0,84;0,97
2772;6,8;0,6;1,68
2772;12,75;0,51;2,12
2772;25,5;0,45;2,86
2772;51;0,43;3,09
2772;153;0,43;3,15
2773;0;0,85;0,85
2773;1,28;0,84;0,88
2773;2,55;0,83;0,89
2773;6,8;0,82;0,9
2773;12,75;0,81;0,92
2773;25,5;0,8;0,94
2773;51;0,8;0,96
2773;153;0,79;0,97
2775;0,06;0,85;
2775;0,12;0,85;
2775;0,23;0,85;
2775;0,47;0,61;1,57
2775;0,88;0,44;2,81
2775;1,76;0,36;4,22
2775;11,72;;
2775;23,44;0,27;
2778;0,06;0,85;
2778;0,12;0,85;
2778;0,23;0,85;
2778;0,47;0,85;
2778;0,88;0,7;1,24
2778;1,76;0,62;1,54
2778;11,72;0,53;2,17
2778;23,44;0,49;
2781;0,06;0,85;
2781;0,12;0,85;
2781;0,23;0,85;
2781;0,47;0,77;1,02
2781;0,88;0,55;1,92
2781;1,76;0,44;2,81
2781;11,72;;
2781;23,44;0,36;
2784;0,06;0,85;
2784;0,12;0,85;
2784;0,23;0,85;
2784;0,47;0,56;
2784;0,88;0,42;
2784;1,76;0,34;
2784;11,72;;
2784;23,44;0,26;
2786;0,06;0,72;
2786;0,12;0,25;7,98
2786;0,23;0,17;
2786;0,47;0,14;22,7
2786;0,88;0,12;
2786;1,76;0,11;33,07
2786;11,72;;
2786;23,44;0,1;
2791;0,06;0,85;
2791;0,12;0,49;
2791;0,23;0,31;
2791;0,47;0,26;9,1
2791;0,88;0,22;12,24
2791;1,76;0,18;17,77
2791;11,72;;
2791;23,44;0,15;
2791;;0,85;0,85
2791;;0,39;4,04
2791;;0,32;6,12
2791;;0,27;8,06
2795;0,06;0,33;
2795;0,12;0,18;
2795;0,23;0,14;
2795;0,47;0,11;21,59
2795;0,88;0,09;32,39
2795;1,76;0,08;36,64
2795;11,72;;
2795;23,44;0,06;
2802;0,06;0,53;
2802;0,12;0,2;
2802;0,23;0,14;16,15
2802;0,47;0,12;22,87
2802;0,88;0,1;31,45
2802;1,76;0,09;
2802;11,72;;
2802;23,44;0,07;
2810;0,06;0,85;
2810;0,12;0,42;3,12
2810;0,23;0,25;
2810;0,47;0,2;11,9
2810;0,88;0,18;
2810;1,76;0,17;17,68
2810;11,72;;
2810;23,44;0,13;
2812;0,06;0,85;
2812;0,12;0,52;
2812;0,23;0,28;5,17
2812;0,47;0,23;7,23
2812;0,88;0,2;10,03
2812;1,76;0,17;
2812;11,72;;
2812;23,44;0,15;
2814;0,06;0,85;
2814;0,12;0,66;
2814;0,23;0,34;4,49
2814;0,47;0,27;7,06
2814;0,88;0,23;
2814;1,76;0,21;10,71
2814;11,72;;
2814;23,44;0,18;
2817;0,06;0,85;
2817;0,12;0,85;
2817;0,23;0,46;2,56
2817;0,47;0,33;
2817;0,88;0,28;6,2
2817;1,76;0,24;7,96
2817;11,72;;
2817;23,44;0,2;
2820;;0,85;0,85
2820;;0,77;1,03
2820;;0,62;1,56
2821;;0,85;0,85
2821;;0,77;1,04
2821;;0,65;1,42
2823;;0,85;0,85
2823;;0,75;1,1
2823;;0,61;1,62
2825;;0,85;0,85
2825;;0,75;1,09
2825;;0,6;1,68
2826;0,06;0,85;
2826;0,12;0,85;
2826;0,23;0,81;
2826;0,47;0,61;
2826;0,88;0,51;
2826;2,05;0,47;
2826;;0,85;0,85
2826;;0,58;1,52
2826;;0,48;2,22
2826;;0,43;2,64
2826;;0,41;3,14
2828;0,06;0,85;
2828;0,12;0,85;
2828;0,23;0,85;
2828;0,47;0,83;
2828;0,88;0,73;
2828;2,05;0,67;
2828;;0,85;0,85
2829;0,06;0,85;
2829;0,12;0,85;
2829;0,23;0,85;
2829;0,47;0,6;
2829;0,88;0,49;
2829;2,05;0,45;
2829;;0,85;0,85
2829;;0,59;1,55
2829;;0,48;2,24
2829;;0,43;2,92
2829;;0,39;3,31
2833;0,06;0,85;
2833;0,12;0,85;
2833;0,23;0,79;
2833;0,47;0,7;
2833;0,88;0,57;
2833;2,05;0,5;
2833;;0,85;0,85
2833;;0,73;1,2
2833;;0,6;1,9
2833;;0,52;2,39
2833;;0,47;3,09
2834;0,06;0,85;
2834;0,12;0,85;
2834;0,23;0,77;
2834;0,47;0,61;
2834;0,88;0,54;
2834;2,05;0,51;
2834;;0,85;0,85
2834;;0,77;1,02
2834;;0,67;1,55
2834;;0,51;2,52
2834;;0,42;3,6
2840;0,06;0,85;
2840;0,12;0,74;
2840;0,23;0,52;
2840;0,47;0,44;
2840;0,88;0,41;
2840;2,05;0,38;
2840;;0,85;0,85
2840;;0,76;1,08
2840;;0,51;2,57
2840;;0,35;5,76
2840;;0,27;10,03
2842;0,06;0,85;
2842;0,12;0,72;
2842;0,23;0,45;
2842;0,47;0,38;
2842;0,88;0,34;
2842;2,05;0,3;
2842;;0,85;0,85
2842;;0,64;1,52
2842;;0,3;6,05
2842;;0,27;7,59
2842;;0,25;9,61
2844;0,06;0,85;
2844;0,12;0,75;
2844;0,23;0,49;
2844;0,47;0,41;
2844;0,88;0,34;
2844;2,05;0,33;
2844;;0,85;0,85
2844;;0,55;2,1
2844;;0,4;4,27
2844;;0,33;5,91
2844;;0,25;11,22
2846;0,06;0,82;
2846;0,12;0,66;
2846;0,23;0,44;
2846;0,47;0,38;
2846;0,88;0,34;
2846;2,05;0,33;
2846;;0,85;0,85
2846;;0,35;4,49
2846;;0,26;8,29
2846;;0,15;18,96
2849;0,06;0,81;
2849;0,12;0,47;
2849;0,23;0,33;
2849;0,47;0,28;
2849;0,88;0,27;
2849;2,05;0,25;
2849;;0,85;0,85
2849;;0,29;6,32
2849;;0,23;9,69
2849;;0,21;12,92
2849;;0,16;23,12
2850;0,06;0,85;
2850;0,12;0,67;
2850;0,23;0,46;
2850;0,47;0,4;
2850;0,88;0,36;
2850;2,05;0,34;
2850;;0,85;0,85
2850;;0,56;2,07
2850;;0,4;4,4
2850;;0,27;7,05
2850;;0,26;8,67
2852;0,06;0,82;
2852;0,12;0,64;
2852;0,23;0,46;
2852;0,47;0,4;
2852;0,88;0,36;
2852;2,05;0,32;
2852;;0,85;0,85
2852;;0,44;4,05
2852;;0,36;5,1
2852;;0,31;6,67
2852;;0,2;21,25
