plug_id;g;h;i;j
421;50;;;138,00
421;100;;;138,00
421;150;;;126,50
421;224;;;115,00
421;27;0,26;;
421;136;0,26;;
421;272;0,26;;
421;408;0,26;;
421;544;0,26;;
421;680;0,26;;
421;816;0,26;;
421;952;0,26;;
421;1088;0,26;;
421;1224;0,25;;
421;1333;0,25;;
422;50;;;51,75
422;100;;;48,30
422;150;;;47,15
422;224;;;44,85
422;27;0,25;;
422;136;0,24;;
422;272;0,24;;
422;408;0,24;;
422;544;0,24;;
422;680;0,24;;
422;816;0,23;;
422;952;0,23;;
422;1088;0,23;;
422;1224;0,23;;
422;1333;0,23;;
424;50;;;71,30
424;100;;;70,15
424;150;;;67,85
424;224;;;65,55
424;27;0,27;;
424;136;0,26;;
424;272;0,26;;
424;408;0,26;;
424;544;0,26;;
424;680;0,26;;
424;816;0,25;;
424;952;0,25;;
424;1088;0,25;;
424;1224;0,25;;
424;1333;0,25;;
426;50;;;713,00
426;100;;;517,50
426;150;;;402,50
426;224;;;264,50
426;27;0,22;;
426;136;0,22;;
426;272;0,21;;
426;408;0,21;;
426;544;0,21;;
426;680;0,21;;
426;816;0,20;;
426;952;0,20;;
426;1088;0,20;;
426;1224;0,20;;
426;1333;0,20;;
427;50;;;11,50
427;100;;;11,50
427;150;;;10,47
427;224;;;10,24
427;27;0,20;;
427;136;0,19;;
427;272;0,19;;
427;408;0,19;;
427;544;0,19;;
427;680;0,19;;
427;816;0,18;;
427;952;0,18;;
427;1088;0,18;;
427;1224;0,18;;
427;1333;0,18;;
429;50;;;5,87
429;100;;;5,41
429;150;;;5,18
429;224;;;4,72
429;27;0,21;;
429;136;0,20;;
429;272;0,20;;
429;408;0,20;;
429;544;0,20;;
429;680;0,19;;
429;816;0,19;;
429;952;0,19;;
429;1088;0,19;;
429;1224;0,19;;
429;1333;0,19;;
430;224;0,15;56,28;
431;224;0,25;15,75;
432;224;0,26;15,72;
433;224;0,19;38,25;
434;224;0,20;31,87;
435;224;0,22;25,54;
436;224;0,19;43,09;
437;224;0,22;25,09;
438;224;0,17;42,03;
439;50;;;
439;100;;;
439;150;;;
439;224;;;
440;50;0,24;14,54;
440;100;0,24;15,64;
440;150;0,24;15,92;
440;224;0,24;16,86;
441;50;0,24;16,85;
441;100;0,22;18,01;
441;150;0,22;18,80;
441;224;0,22;19,63;
442;50;0,26;16,21;
442;100;0,26;17,96;
442;150;0,26;18,13;
442;224;0,26;19,02;
443;50;;;
443;100;;;
443;150;;;
443;224;;;
444;50;0,18;46,46;
444;100;0,17;47,18;
444;150;0,17;52,08;
444;224;0,16;53,68;
445;50;0,18;47,65;
445;100;0,17;49,98;
445;150;0,17;53,64;
445;224;0,17;57,96;
446;50;0,14;89,35;
446;100;0,13;104,00;
446;150;0,13;117,30;
446;224;0,13;134,28;
447;50;0,24;21,98;
447;100;0,23;22,05;
447;150;0,23;22,64;
447;224;0,23;24,34;
448;50;0,22;24,78;
448;100;0,22;26,40;
448;150;0,21;26,46;
448;224;0,21;27,02;
1200;40;0,31;11,03;1959,85
1200;100;0,29;11,69;1699,88
1200;150;0,29;12,28;1638,27
1200;200;0,28;12,28;1587,05
1200;300;0,28;12,77;1497,24
1200;400;0,28;13,23;1434,55
1212;40;0,30;12,39;539,77
1212;100;0,29;13,33;467,74
1212;150;0,28;13,60;434,40
1212;200;0,28;13,88;428,17
1212;300;0,28;14,42;420,60
1212;400;0,27;14,31;395,69
1215;40;0,30;12,18;627,59
1215;100;0,29;13,06;544,18
1215;150;0,29;13,73;532,65
1215;200;0,28;13,65;504,46
1215;300;0,28;14,24;497,12
1215;400;0,27;14,08;457,37
1221;40;0,26;18,52;24,21
1221;100;0,25;19,84;20,95
1221;150;0,25;20,81;20,17
1221;200;0,25;21,50;19,89
1221;300;0,24;21,53;18,35
1221;400;0,24;22,22;18,13
1229;40;0,32;11,55;670,04
1229;100;0,31;12,47;597,86
1229;150;0,30;12,60;561,07
1229;200;0,30;12,97;540,93
1229;300;0,29;13,02;521,77
1229;400;0,29;13,46;511,56
1233;40;0,33;8,97;2441,08
1233;100;0,31;9,64;2086,19
1233;150;0,30;9,92;1957,41
1233;200;0,30;10,23;1900,00
1233;300;0,29;10,36;1810,20
1233;400;0,29;10,85;1732,93
1234;40;;12,25;122,71
1234;100;;13,00;113,28
1234;150;;13,13;109,25
1234;200;;13,13;106,95
1234;300;;13,38;103,50
1234;400;;13,75;99,71
1239;40;;11,13;749,80
1239;100;;11,88;663,55
1239;150;;11,75;663,55
1239;200;;11,88;566,95
1239;300;;12,13;380,65
1239;400;;12,13;311,65
1240;40;;7,88;2659,95
1240;100;;8,38;2489,75
1240;150;;8,38;2317,25
1240;200;;8,50;2182,70
1240;300;;9,25;2095,30
1240;400;;10,00;1910,15
1242;40;;12,00;1300,65
1242;100;;12,63;1173,00
1242;150;;12,75;1152,30
1242;200;;12,88;1099,40
1242;300;;14,75;1058,00
1242;400;;15,25;1026,95
1243;40;;22,38;0,31
1243;100;;23,50;0,25
1243;150;;24,13;0,23
1243;200;;24,50;0,22
1243;300;;25,13;0,20
1243;400;;25,88;0,18
1244;40;;12,13;1302,95
1244;100;;12,63;1176,45
1244;150;;13,00;1095,95
1244;200;;13,00;1082,15
1244;300;;13,13;1045,35
1244;400;;13,38;1007,40
1246;40;;12,63;1212,10
1246;100;;13,38;941,85
1246;150;;13,50;869,40
1246;200;;13,25;849,85
1246;300;;13,50;805,00
1246;400;;13,63;771,65
1247;40;;12,75;664,70
1247;100;;13,63;622,15
1247;150;;13,75;601,45
1247;200;;13,88;577,30
1247;300;;15,25;571,55
1247;400;;16,25;549,70
1249;40;;10,88;634,80
1249;100;;11,50;606,05
1249;150;;11,63;580,75
1249;200;;11,75;569,25
1249;300;;12,50;562,35
1249;400;;13,25;549,70
1250;40;;12,38;453,10
1250;100;;12,88;407,10
1250;150;;13,25;382,95
1250;200;;13,38;373,75
1250;300;;13,50;359,95
1250;400;;13,75;349,60
1251;40;;20,25;109,94
1251;100;;20,75;104,65
1251;150;;21,13;102,35
1251;200;;21,13;102,01
1251;300;;21,38;100,17
1251;400;;21,63;99,36
1253;40;;13,88;422,05
1253;100;;14,38;401,35
1253;150;;14,75;373,75
1253;200;;14,88;370,30
1253;300;;15,13;357,65
1253;400;;15,25;346,15
1254;40;;22,75;4,06
1254;100;;23,38;3,43
1254;150;;24,13;3,07
1254;200;;24,63;2,89
1254;300;;24,88;2,75
1254;400;;25,25;2,62
1256;40;;18,00;91,77
1256;100;;18,38;74,64
1256;150;;18,75;74,06
1256;200;;18,88;73,95
1256;300;;19,13;73,83
1256;400;;19,38;67,28
1258;40;;16,13;55,55
1258;100;;17,38;39,45
1258;150;;17,38;35,77
1258;200;;17,50;34,50
1258;300;;17,75;32,89
1258;400;;18,13;31,97
1259;40;;14,13;53,25
1259;100;;14,50;46,58
1259;150;;15,00;44,39
1259;200;;15,13;43,24
1259;300;;15,38;41,63
1259;400;;15,50;40,14
1260;40;;9,88;968,30
1260;100;;10,50;933,80
1260;150;;10,38;923,45
1260;200;;10,50;880,90
1260;300;;11,50;874,00
1260;400;;12,25;847,55
1262;40;;9,25;1388,05
1262;100;;9,50;1054,55
1262;150;;9,75;1048,80
1262;200;;9,50;975,20
1262;300;;9,88;844,10
1262;400;;10,00;515,20
1264;40;;9,25;2044,70
1264;100;;9,25;1840,00
1264;150;;9,13;1817,00
1264;200;;9,38;1798,60
1264;300;;9,38;1488,10
1264;400;;9,50;1145,40
1266;40;;9,00;2808,30
1266;100;;9,50;2611,65
1266;150;;9,50;2558,75
1266;200;;9,63;2439,15
1266;300;;11,25;2394,30
1266;400;;11,38;2289,65
1268;40;;11,88;917,70
1268;100;;12,25;885,50
1268;150;;12,25;875,15
1268;200;;12,38;863,65
1268;300;;13,88;862,50
1268;400;;14,63;855,60
1270;40;;12,50;707,25
1270;100;;12,75;670,45
1270;150;;13,13;657,80
1270;200;;13,13;652,05
1270;300;;13,38;624,45
1270;400;;13,50;610,65
1273;40;;10,50;3381,00
1273;100;;10,88;3148,70
1273;150;;11,13;2950,90
1273;200;;11,25;2866,95
1273;300;;11,38;2716,30
1273;400;;11,63;2613,95
1300;40;0,33;10,42;266,49
1300;80;0,33;10,75;263,54
1300;160;0,33;11,21;248,95
1300;240;0,32;11,43;223,20
1300;322;0,32;11,97;205,63
1301;40;0,39;7,48;793,33
1301;80;0,39;7,78;763,24
1301;160;0,39;8,00;714,43
1301;240;0,38;8,11;639,29
1301;322;0,37;8,30;593,77
1302;40;0,39;6,55;1164,46
1302;80;0,39;6,70;1128,77
1302;160;0,39;6,88;1113,80
1302;240;0,39;7,01;1079,57
1302;322;0,38;6,91;995,98
1303;40;0,37;7,78;1835,42
1303;80;0,37;7,94;1718,02
1303;160;0,37;8,08;1608,25
1303;240;0,36;8,04;1422,22
1303;322;0,36;8,13;1330,77
1304;40;0,42;5,73;3904,32
1304;80;0,41;5,66;3731,77
1304;160;0,41;5,80;3585,84
1304;240;0,41;5,91;3372,72
1304;322;0,41;6,01;3155,32
1305;30;0,27;17,65;138,46
1305;100;0,27;18,70;134,42
1305;200;0,27;19,57;129,69
1305;400;0,27;20,46;124,89
1305;600;0,27;21,12;123,60
1305;800;0,26;20,66;117,23
1306;30;0,13;95,23;0,03
1306;100;0,12;106,52;0,01
1306;200;0,12;129,79;0,01
1306;400;0,11;149,51;0,01
1306;600;0,11;171,47;0,01
1306;800;0,11;198,00;0,01
1307;30;0,22;27,99;35,57
1307;100;0,22;30,63;34,00
1307;200;0,21;31,20;31,92
1307;400;0,21;33,53;30,95
1307;600;0,21;35,17;30,57
1307;800;0,21;36,13;30,13
1308;30;0,22;30,63;28,13
1308;100;0,21;31,38;26,25
1308;200;0,21;33,11;25,82
1308;400;0,21;34,88;25,25
1308;600;0,21;36,31;24,80
1308;800;0,21;37,04;24,31
1309;30;0,24;23,14;260,82
1309;100;0,23;23,48;241,92
1309;200;0,23;24,69;237,26
1309;400;0,23;25,94;230,00
1309;600;0,23;26,96;226,29
1309;800;0,23;27,60;221,30
1310;30;0,20;40,00;5,73
1310;100;0,19;41,90;5,13
1310;200;0,19;45,57;4,83
1310;400;0,19;50,10;4,58
1310;600;0,18;50,50;4,21
1310;800;0,18;52,87;4,13
1311;30;0,22;30,85;61,08
1311;100;0,21;31,62;55,40
1311;200;0,21;33,53;52,07
1311;400;0,21;35,41;48,96
1311;600;0,21;36,97;46,53
1311;800;0,21;37,83;44,53
1312;30;0,25;21,03;1074,52
1312;100;0,24;21,64;1019,11
1312;200;0,24;22,33;1014,93
1312;400;0,24;23,04;1009,45
1312;600;0,24;23,39;997,58
1312;800;0,24;23,63;995,33
1313;30;0,22;29,25;160,77
1313;100;0,22;30,95;149,15
1313;200;0,22;31,81;145,83
1313;400;0,21;32,23;137,97
1313;600;0,21;33,16;135,09
1313;800;0,21;33,85;132,18
1314;30;0,14;77,48;0,68
1314;100;0,14;101,68;0,51
1314;200;0,13;115,00;0,40
1314;400;0,13;141,52;0,34
1314;600;0,13;161,74;0,33
1314;800;0,13;175,88;0,32
1315;30;0,15;78,00;1,14
1315;100;0,14;92,02;0,87
1315;200;0,14;109,74;0,78
1315;400;0,14;130,96;0,70
1315;600;0,13;135,26;0,63
1315;800;0,13;143,98;0,61
1316;30;0,22;26,78;266,63
1316;100;0,22;29,13;259,33
1316;200;0,22;30,70;249,83
1316;400;0,21;31,14;232,93
1316;600;0,21;32,17;230,64
1316;800;0,21;32,97;227,09
1317;30;0,22;28,10;119,57
1317;100;0,22;30,19;116,72
1317;200;0,22;31,52;114,70
1317;400;0,22;33,13;113,00
1317;600;0,22;34,19;111,89
1317;800;0,21;33,43;104,88
1318;40;0,34;12,53;52,33
1318;100;0,33;12,58;47,01
1318;180;0,33;12,96;45,10
1318;280;0,33;13,30;43,81
1318;320;0,33;13,43;43,27
1318;380;0,33;13,54;42,73
1318;-40;0,33;12,59;48,25
1321;40;0,38;7,10;2594,83
1321;100;0,38;7,42;2164,20
1321;180;0,37;7,56;1872,36
1321;280;0,37;7,82;1699,51
1321;320;0,37;7,89;1647,98
1321;380;0,36;7,78;1560,00
1321;-40;0,37;7,50;2081,39
1325;40;0,35;9,43;234,46
1325;100;0,35;9,69;217,90
1325;180;0,35;9,94;206,35
1325;280;0,35;10,16;198,52
1325;320;0,35;10,19;195,08
1325;380;0,34;9,97;189,01
1325;-40;0,35;9,67;218,61
1331;40;0,40;6,30;2641,57
1331;100;0,39;6,37;2311,11
1331;180;0,39;6,59;2156,80
1331;280;0,38;6,59;2000,52
1331;320;0,38;6,65;1968,69
1331;380;0,38;6,72;1947,92
1331;-40;0,39;6,53;2395,07
1335;40;0,42;6,27;2518,89
1335;100;0,41;6,34;2236,36
1335;180;0,41;6,58;2024,44
1335;280;0,41;6,80;1838,82
1335;320;0,40;6,66;1731,87
1335;380;0,40;6,71;1680,44
1335;-40;0,41;6,76;2060,11
1338;40;0,37;6,67;2247,78
1338;100;0,37;6,90;2064,33
1338;180;0,36;6,94;1793,31
1338;280;0,36;7,12;1593,00
1338;320;0,36;7,18;1542,70
1338;380;0,36;7,22;1513,58
1338;-40;0,36;6,80;1777,78
1345;223;0,18;87,65;0,15
1345;297;0,18;93,57;0,14
1345;446;0,17;96,54;0,13
1345;594;0,17;102,52;0,12
1355;223;0,19;65,14;24,64
1355;297;0,19;65,94;24,76
1355;446;0,19;67,70;24,92
1355;594;0,19;68,91;25,01
1371;223;0,16;99,76;1,80
1371;297;0,15;98,42;1,61
1371;446;0,15;105,79;1,51
1371;594;0,15;111,90;1,51
1378;223;0,17;76,44;4,18
1378;297;0,17;80,23;4,03
1378;446;0,17;85,91;3,79
1378;594;0,17;89,28;3,59
1383;223;0,15;69,11;1,11
1383;297;0,15;72,70;1,09
1383;446;0,15;77,03;1,04
1383;594;0,15;80,45;1,03
1391;223;0,17;71,92;0,44
1391;297;0,17;75,25;0,41
1391;446;0,17;80,58;0,39
1391;594;0,17;85,00;0,38
1404;223;0,24;31,20;4,32
1404;297;0,24;32,20;4,21
1404;446;0,24;33,82;4,12
1404;594;0,24;35,39;4,08
1420;223;0,24;29,67;1,56
1420;297;0,24;30,48;1,53
1420;446;0,24;31,43;1,48
1420;594;0,24;32,37;1,46
1424;223;0,19;54,66;0,08
1424;297;0,19;56,63;0,07
1424;446;0,19;60,27;0,07
1424;594;0,19;62,70;0,07
1510;28;0,34;;
1510;138;0,34;;
1510;414;0,34;;
1510;689;0,34;;
1511;28;0,31;;
1511;138;0,31;;
1511;414;0,31;;
1511;689;0,31;;
1512;28;0,40;;
1512;138;0,40;;
1512;414;0,40;;
1512;689;0,40;;
1513;28;0,14;;
1513;138;0,14;;
1513;414;0,14;;
1513;689;0,14;;
1514;28;0,32;;
1514;138;0,32;;
1514;414;0,31;;
1514;689;0,31;;
1515;28;0,27;;
1515;138;0,27;;
1515;414;0,27;;
1515;689;0,27;;
1516;28;0,24;;
1516;138;0,24;;
1516;414;0,23;;
1516;689;0,23;;
1517;28;0,15;;
1517;138;0,15;;
1517;414;0,15;;
1517;689;0,15;;
1518;28;0,23;;
1518;138;0,23;;
1518;414;0,23;;
1518;689;0,23;;
1519;28;0,21;;
1519;138;0,21;;
1519;414;0,21;;
1519;689;0,21;;
1520;28;0,20;;
1520;138;0,20;;
1520;414;0,20;;
1520;689;0,20;;
1521;28;0,30;;
1521;138;0,30;;
1521;414;0,30;;
1521;689;0,29;;
1522;28;0,18;;
1522;138;0,18;;
1522;414;0,18;;
1522;689;0,18;;
1523;28;0,21;;
1523;138;0,21;;
1523;414;0,21;;
1523;689;0,21;;
1524;28;0,11;;
1524;138;0,10;;
1524;414;0,10;;
1524;689;0,09;;
1525;28;0,05;;
1525;138;0,05;;
1525;414;0,05;;
1525;689;0,05;;
1587;40;0,31;10,71;
1587;70;0,31;10,94;
1587;110;0,31;11,20;
1587;160;0,31;11,42;
1587;220;0,30;11,25;
1587;300;0,30;11,48;
1592;40;0,30;;
1592;70;0,30;;
1592;110;0,30;;
1592;160;0,30;;
1592;220;0,30;;
1592;300;0,30;;
1593;40;0,32;;
1593;70;0,32;;
1593;110;0,32;;
1593;160;0,32;;
1593;220;0,32;;
1593;300;0,32;;
1594;40;0,32;;
1594;70;0,32;;
1594;110;0,32;;
1594;160;0,32;;
1594;220;0,32;;
1594;300;0,32;;
1598;40;0,32;;
1598;70;0,32;;
1598;110;0,32;;
1598;160;0,32;;
1598;220;0,32;;
1598;300;0,32;;
1601;40;0,31;;
1601;70;0,31;;
1601;110;0,31;;
1601;160;0,31;;
1601;220;0,31;;
1601;300;0,31;;
1602;40;0,31;;
1602;70;0,31;;
1602;110;0,31;;
1602;160;0,31;;
1602;220;0,31;;
1602;300;0,31;;
1604;40;0,31;11,14;
1604;70;0,31;11,37;
1604;110;0,31;11,63;
1604;160;0,30;11,47;
1604;220;0,30;11,68;
1604;300;0,30;11,91;
1607;40;0,31;;
1607;70;0,31;;
1607;110;0,31;;
1607;160;0,31;;
1607;220;0,31;;
1607;300;0,31;;
1611;40;0,29;;
1611;70;0,29;;
1611;110;0,29;;
1611;160;0,29;;
1611;220;0,29;;
1611;300;0,29;;
1612;40;0,31;10,62;
1612;70;0,30;10,47;
1612;110;0,30;10,67;
1612;160;0,30;10,84;
1612;220;0,30;11,00;
1612;300;0,30;11,17;
1614;40;0,31;;
1614;70;0,30;;
1614;110;0,30;;
1614;160;0,30;;
1614;220;0,30;;
1614;300;0,30;;
1621;40;0,27;;
1621;70;0,27;;
1621;110;0,27;;
1621;160;0,26;;
1621;220;0,26;;
1621;300;0,26;;
1622;40;0,26;;
1622;70;0,26;;
1622;110;0,25;;
1622;160;0,25;;
1622;220;0,25;;
1622;300;0,25;;
1623;40;0,29;;
1623;70;0,29;;
1623;110;0,29;;
1623;160;0,29;;
1623;220;0,29;;
1623;300;0,29;;
1625;40;0,29;10,65;
1625;70;0,29;11,01;
1625;110;0,29;11,45;
1625;160;0,29;11,83;
1625;220;0,28;11,73;
1625;300;0,28;12,05;
1626;40;0,30;;
1626;70;0,30;;
1626;110;0,30;;
1626;160;0,29;;
1626;220;0,29;;
1626;300;0,29;;
1633;40;0,29;;
1633;70;0,29;;
1633;110;0,29;;
1633;160;0,29;;
1633;220;0,29;;
1633;300;0,29;;
1635;40;0,31;;
1635;70;0,31;;
1635;110;0,30;;
1635;160;0,30;;
1635;220;0,30;;
1635;300;0,30;;
1636;40;0,30;;
1636;70;0,30;;
1636;110;0,30;;
1636;160;0,30;;
1636;220;0,30;;
1636;300;0,30;;
1642;40;0,32;9,55;
1642;70;0,31;9,51;
1642;110;0,31;9,76;
1642;160;0,31;9,96;
1642;220;0,31;10,14;
1642;300;0,30;10,00;
1645;400;0,33;;1221,46
1645;500;0,33;;1152,13
1646;400;0,31;;406,17
1646;500;0,31;;375,86
1647;400;0,32;;1317,45
1647;500;0,32;;1260,57
1648;400;0,30;;98,85
1648;500;0,30;;96,14
1649;400;0,33;;221,16
1649;500;0,32;;203,94
1650;400;0,33;;93,73
1650;500;0,33;;91,64
1651;400;0,33;;698,08
1651;500;0,32;;653,52
1652;400;0,36;;1502,46
1652;500;0,36;;1241,14
1653;400;0,35;;864,71
1653;500;0,34;;758,29
1654;400;0,35;;1436,36
1654;500;0,35;;1313,07
1655;400;0,19;;0,98
1655;500;0,19;;0,93
1656;400;0,36;8,20;1277,09
1656;500;0,35;8,08;1158,12
1657;400;0,36;7,91;1198,13
1657;500;0,35;9,07;981,79
1658;400;0,35;7,87;2139,52
1658;500;0,35;8,02;1852,27
1659;400;0,29;14,09;592,91
1659;500;0,29;14,26;562,32
1660;400;0,30;13,95;42,44
1660;500;0,30;14,24;40,86
1661;400;0,22;21,16;162,30
1661;500;0,22;21,76;152,31
1662;400;0,32;11,25;323,49
1662;500;0,31;11,02;306,61
1663;400;0,35;9,05;621,97
1663;500;0,34;8,95;585,43
1664;400;0,32;9,79;1023,32
1664;500;0,32;9,93;958,86
1665;400;0,33;9,98;589,62
1665;500;0,33;10,04;548,84
1666;400;0,32;14,14;336,23
1666;500;0,31;14,31;266,85
1667;400;0,31;10,92;30,07
1667;500;0,31;11,02;29,02
1668;400;0,30;13,41;82,47
1668;500;0,29;13,36;75,13
1669;400;0,34;;4045,33
1669;500;0,34;;3750,10
1670;400;0,35;;4177,20
1670;500;0,35;;3799,67
1671;400;0,33;;3156,77
1671;500;0,33;;3021,74
1672;400;0,34;;4099,59
1672;500;0,33;;3849,62
1673;400;0,35;;1905,93
1673;500;0,35;;1851,61
1674;400;0,20;;4,36
1674;500;0,20;;3,76
1675;400;0,26;;138,74
1675;500;0,26;;132,91
1676;400;0,27;;1126,35
1676;500;0,27;;601,85
1677;400;0,26;;12,16
1677;500;0,25;;11,50
1678;400;0,26;;144,44
1678;500;0,25;;135,51
1679;400;0,30;;1496,50
1679;500;0,30;;1454,30
1680;30;0,25;23,03;
1680;40;;;
1680;100;0,25;24,46;
1680;180;0,25;25,56;
1680;270;0,24;25,66;
1680;360;0,24;26,31;
1680;440;0,24;27,19;
1680;520;0,24;27,59;
1680;600;0,24;28,09;
1681;30;0,22;28,22;
1681;40;;;
1681;100;0,22;29,87;
1681;180;0,22;31,78;
1681;270;0,22;33,03;
1681;360;0,22;33,95;
1681;440;0,22;35,20;
1681;520;0,22;35,63;
1681;600;0,22;36,37;
1682;30;;;
1682;40;;;
1682;100;;;
1682;180;;;
1682;270;;;
1682;360;;;
1682;440;;;
1682;520;;;
1682;600;;;
1685;30;0,21;31,95;
1685;40;;;
1685;100;0,20;33,79;
1685;180;0,20;36,34;
1685;270;0,20;38,27;
1685;360;0,20;40,02;
1685;440;0,20;42,00;
1685;520;0,20;42,40;
1685;600;0,19;41,56;
1686;30;0,23;26,37;
1686;40;;;
1686;100;0,23;27,83;
1686;180;0,22;28,31;
1686;270;0,22;29,84;
1686;360;0,22;31,21;
1686;440;0,22;32,26;
1686;520;0,22;33,28;
1686;600;0,22;33,50;
1687;30;0,20;34,48;
1687;40;;;
1687;100;0,20;37,25;
1687;180;0,19;38,38;
1687;270;0,19;41,04;
1687;360;0,19;43,16;
1687;440;0,19;43,94;
1687;520;0,19;45,53;
1687;600;0,19;45,76;
1689;30;0,20;39,00;
1689;40;;;
1689;100;0,20;41,37;
1689;180;0,19;41,41;
1689;270;0,19;43,37;
1689;360;0,19;45,64;
1689;440;0,19;46,58;
1689;520;0,19;48,29;
1689;600;0,19;49,35;
1690;30;0,20;37,70;
1690;40;;;
1690;100;0,20;40,47;
1690;180;0,20;43,15;
1690;270;0,19;43,26;
1690;360;0,19;45,45;
1690;440;0,19;47,34;
1690;520;0,19;48,62;
1690;600;0,19;49,26;
1691;30;0,14;63,35;
1691;40;;;
1691;100;0,14;69,81;
1691;180;0,14;75,38;
1691;270;0,14;79,73;
1691;360;0,14;84,08;
1691;440;0,14;88,40;
1691;520;0,14;92,47;
1691;600;0,14;95,20;
1692;30;0,21;32,78;
1692;40;;;
1692;100;0,20;33,84;
1692;180;0,20;35,72;
1692;270;0,20;37,65;
1692;360;0,20;39,36;
1692;440;0,20;40,44;
1692;520;0,20;41,63;
1692;600;0,20;42,10;
1694;30;0,20;35,88;
1694;40;;;
1694;100;0,20;39,79;
1694;180;0,20;42,15;
1694;270;0,19;42,30;
1694;360;0,19;44,71;
1694;440;0,19;46,69;
1694;520;0,19;48,64;
1694;600;0,19;49,29;
1869;30;0,18;79,23;10,71
1869;100;0,18;82,40;10,31
1869;150;0,17;81,19;9,44
1869;200;0,17;84,74;9,15
1869;250;0,17;86,16;8,96
1869;400;0,17;91,10;8,84
1870;30;0,32;12,07;363,27
1870;100;0,31;12,83;316,81
1870;150;0,31;13,15;308,86
1870;200;0,31;13,32;303,11
1870;250;0,31;13,60;297,32
1870;400;0,31;14,10;280,86
1870;30;0,15;110,28;
1870;30;0,15;110,39;3,22
1870;100;0,15;129,51;2,84
1870;150;0,15;131,52;2,73
1870;200;0,15;135,06;2,69
1870;250;0,15;138,29;2,54
1870;400;0,14;137,79;2,11
1871;30;0,29;14,56;91,70
1871;100;0,29;16,03;74,39
1871;150;0,29;16,45;72,20
1871;200;0,28;16,25;69,25
1871;250;0,28;16,66;68,61
1871;400;0,28;17,27;68,60
1871;30;0,31;9,73;
1871;30;0,31;9,74;193,04
1871;100;0,31;11,04;187,60
1871;150;0,31;11,36;180,45
1871;200;0,31;11,54;176,48
1871;250;0,31;11,78;174,30
1871;400;0,30;11,82;167,68
1872;30;0,30;11,49;
1872;30;0,30;11,64;76,38
1872;100;0,30;13,49;74,88
1872;150;0,29;13,37;69,42
1872;200;0,29;13,59;67,51
1872;250;0,29;13,84;66,17
1872;400;0,29;14,35;65,54
1900;34;0,26;28,74;
1900;51;0,26;28,85;
1900;60;0,26;29,12;
1900;70;0,26;29,34;
1900;80;0,26;29,57;
1900;90;0,26;29,79;
1900;101;0,26;29,98;
1900;111;0,26;30,17;
1900;121;0,26;30,34;
1900;130;0,26;30,53;
1900;139;0,26;30,68;
1900;151;0,26;30,84;
1900;160;0,26;30,98;
1900;170;0,26;31,11;
1900;180;0,26;31,26;
1900;188;0,26;31,37;
1900;201;0,25;30,29;
1900;209;0,25;30,39;
1900;217;0,25;30,91;
1900;232;0,25;30,58;
1900;241;0,25;30,66;
1900;248;0,25;30,72;
1900;262;0,25;30,80;
1900;271;0,25;30,88;
1900;281;0,25;30,94;
1900;291;0,25;30,99;
1900;301;0,25;31,05;
1900;311;0,25;31,11;
1900;322;0,25;31,16;
1900;331;0,25;31,22;
1900;341;0,25;31,28;
1900;348;0,25;31,33;
1900;361;0,25;31,35;
1900;369;0,25;31,39;
1900;379;0,25;31,43;
1900;386;0,25;31,47;
1900;399;0,25;31,53;
1900;397;0,25;31,52;
1900;398;0,25;31,53;
1900;397;0,25;31,54;
1900;402;0,25;31,55;
1900;396;0,25;31,57;
1900;401;0,25;31,59;
1900;401;0,25;31,60;
1900;401;0,25;31,60;
1900;397;0,25;31,59;
1900;399;0,25;31,57;
1900;397;0,25;31,53;
1901;34;0,31;12,71;
1901;51;0,31;12,77;
1901;60;0,31;12,85;
1901;70;0,31;13,27;
1901;80;0,31;13,33;
1901;90;0,31;13,40;
1901;101;0,31;13,48;
1901;111;0,31;13,56;
1901;121;0,31;13,58;
1901;130;0,31;13,63;
1901;139;0,31;13,68;
1901;151;0,31;13,73;
1901;160;0,31;13,77;
1901;170;0,31;13,81;
1901;180;0,31;13,85;
1901;188;0,31;13,89;
1901;201;0,31;13,93;
1901;209;0,31;13,96;
1901;217;0,31;13,98;
1901;232;0,31;14,01;
1901;241;0,31;14,04;
1901;248;0,31;14,06;
1901;262;0,31;14,09;
1901;271;0,30;13,81;
1901;281;0,30;13,83;
1901;291;0,30;13,85;
1901;301;0,30;13,87;
1901;311;0,30;13,91;
1901;322;0,30;13,91;
1901;331;0,30;13,93;
1901;341;0,30;13,94;
1901;348;0,30;13,79;
1901;361;0,30;13,80;
1901;369;0,30;13,81;
1901;379;0,30;13,79;
1901;386;0,30;13,83;
1901;399;0,30;13,86;
1901;397;0,30;13,86;
1901;398;0,30;13,86;
1901;397;0,30;13,87;
1901;402;0,30;13,88;
1901;396;0,30;13,89;
1901;401;0,30;13,91;
1901;401;0,30;13,91;
1901;401;0,30;13,91;
1901;397;0,30;13,91;
1901;399;0,30;13,89;
1901;397;0,30;13,88;
1921;320;0,19;91,47;0,01
1921;460;0,19;97,83;0,01
1921;610;0,19;100,70;0,01
1921;770;0,19;102,50;0,01
1921;920;0,19;106,15;0,01
1921;40;0,22;74,86;
1945;320;0,22;45,19;11,50
1945;460;0,22;46,43;11,52
1945;610;0,22;47,04;11,18
1945;770;0,22;47,92;11,08
1945;920;0,22;48,46;10,74
1945;40;0,24;40,41;
1951;320;0,25;27,36;135,51
1951;460;0,25;27,93;134,35
1951;610;0,25;28,24;134,43
1951;770;0,25;28,65;129,15
1951;920;0,25;28,78;124,41
1951;40;0,26;25,88;
1969;320;0,22;42,12;24,61
1969;460;0,22;43,28;23,74
1969;610;0,22;43,81;23,75
1969;770;0,22;44,77;23,01
1969;920;0,21;43,28;21,84
1969;40;0,23;37,02;
1979;320;1,04;34,64;8,46
1979;460;1,04;35,70;8,21
1979;610;1,04;36,03;7,92
1979;770;1,04;36,57;7,47
1979;920;1,04;36,87;7,41
1979;40;0,24;35,75;
1986;320;0,20;64,96;1,71
1986;460;0,20;68,08;1,71
1986;610;0,20;69,18;1,65
1986;770;0,19;68,34;1,52
1986;920;0,19;69,39;1,49
1986;40;0,22;55,14;
1987;320;0,20;65,52;0,83
1987;460;0,20;69,36;0,82
1987;610;0,20;70,76;0,80
1987;770;0,19;69,99;0,73
1987;920;0,19;70,92;0,72
1987;40;0,21;54,13;
2003;320;0,73;18,00;310,12
2003;460;0,72;18,25;300,88
2003;610;0,72;18,38;293,92
2003;770;0,72;18,71;281,42
2003;920;0,72;18,74;266,94
2003;40;0,32;17,89;
2015;320;0,08;732,71;
2015;460;0,08;882,18;
2015;610;0,08;960,54;
2015;770;0,08;995,94;
2015;920;0,08;1169,37;
2015;40;0,25;32,85;
2023;320;0,22;38,38;27,31
2023;460;0,22;39,95;27,25
2023;610;0,22;40,38;27,13
2023;770;0,21;39,68;25,83
2023;920;0,21;40,42;24,88
2023;40;0,34;19,32;
2029;320;0,30;22,20;1,43
2029;460;0,30;23,11;1,39
2029;610;0,30;23,48;1,34
2029;770;0,30;24,20;1,32
2029;920;0,30;24,60;1,27
2029;40;0,35;15,75;
2069;320;0,32;17,16;463,49
2069;460;0,32;17,63;463,37
2069;610;0,32;17,76;444,32
2069;770;0,32;18,10;426,67
2069;920;0,32;18,32;356,07
2069;40;0,33;18,86;
2082;320;1,04;18,49;160,16
2082;460;1,04;18,63;153,92
2082;610;1,04;18,77;150,80
2082;770;1,04;18,95;149,76
2082;920;1,04;19,00;145,60
2082;320;0,30;15,29;945,98
2082;460;0,30;15,61;902,31
2082;610;0,30;15,69;881,47
2082;770;0,30;15,95;838,13
2082;920;0,30;16,11;755,86
2082;40;0,30;14,38;
2088;30;0,16;101,83;
2088;50;0,16;107,59;
2088;100;0,16;116,87;
2088;200;0,15;122,79;
2088;400;0,15;140,54;
2088;600;0,15;154,09;
2088;900;0,15;163,76;
2091;30;0,19;44,25;
2091;50;0,19;47,31;
2091;100;0,19;50,58;
2091;200;0,18;50,73;
2091;400;0,18;54,64;
2091;600;0,18;55,67;
2091;900;0,18;57,91;
2094;30;0,17;52,16;
2094;50;0,17;55,05;
2094;100;0,17;59,43;
2094;200;0,16;61,79;
2094;400;0,16;68,93;
2094;600;0,16;74,17;
2094;900;0,16;78,63;
2096;30;0,21;41,12;
2096;50;0,21;42,51;
2096;100;0,20;43,31;
2096;200;0,20;46,88;
2096;400;0,20;50,89;
2096;600;0,20;53,50;
2096;900;0,20;56,13;
2100;30;0,20;45,13;
2100;50;0,19;45,28;
2100;100;0,19;48,07;
2100;200;0,19;52,12;
2100;400;0,19;56,48;
2100;600;0,18;56,88;
2100;900;0,18;59,41;
2101;30;0,21;40,38;
2101;50;0,21;42,89;
2101;100;0,20;43,21;
2101;200;0,20;46,63;
2101;400;0,20;50,51;
2101;600;0,20;53,21;
2101;900;0,20;54,71;
2105;30;0,15;99,25;
2105;50;0,15;106,71;
2105;100;0,14;112,69;
2105;200;0,14;129,36;
2105;400;0,14;155,71;
2105;600;0,14;174,64;
2105;900;0,14;197,47;
2107;30;0,15;97,30;
2107;50;0,15;107,34;
2107;100;0,15;121,40;
2107;200;0,15;142,71;
2107;400;0,14;164,47;
2107;600;0,14;192,67;
2107;900;0,14;225,40;
2109;30;0,14;83,45;
2109;50;0,14;89,66;
2109;100;0,14;99,71;
2109;200;0,14;115,50;
2109;400;0,13;131,24;
2109;600;0,13;149,57;
2109;900;0,13;174,29;
2114;30;0,12;190,77;
2114;50;0,12;202,60;
2114;100;0,12;230,40;
2114;200;0,11;246,76;
2114;400;0,11;319,31;
2114;600;0,11;384,23;
2114;900;0,11;471,43;
2119;30;0,28;21,87;
2119;50;0,28;22,63;
2119;100;0,28;24,32;
2119;200;0,27;24,92;
2119;400;0,27;27,00;
2119;600;0,27;28,31;
2119;900;0,26;28,67;
2123;30;0,19;62,88;
2123;50;0,19;67,89;
2123;100;0,19;75,36;
2123;200;0,19;85,96;
2123;400;0,18;95,79;
2123;600;0,18;106,98;
2123;900;0,18;119,01;
2125;30;0,21;40,79;
2125;50;0,21;43,47;
2125;100;0,21;47,66;
2125;200;0,21;52,18;
2125;400;0,20;56,52;
2125;600;0,20;60,63;
2125;900;0,20;65,32;
2127;30;0,11;203,81;
2127;50;0,11;227,86;
2127;100;0,11;281,47;
2127;200;0,11;350,31;
2127;400;0,10;417,46;
2127;600;0,10;529,03;
2127;900;0,10;718,33;
2198;30;0,22;22,49;
2198;150;0,21;24,26;
2198;250;0,21;25,27;
2198;300;0,21;25,52;
2198;400;0,21;26,16;
2198;500;0,21;26,40;
2199;30;0,21;26,31;
2199;150;0,21;29,11;
2199;250;0,21;30,20;
2199;300;0,21;30,57;
2199;400;0,21;31,25;
2199;500;0,21;31,63;
2203;30;0,22;26,75;
2203;150;0,21;29,15;
2203;250;0,21;30,20;
2203;300;0,21;30,63;
2203;400;0,21;31,31;
2203;500;0,21;31,88;
2204;30;0,21;33,65;
2204;150;0,20;36,42;
2204;250;0,20;38,01;
2204;300;0,20;38,50;
2204;400;0,20;39,50;
2204;500;0,20;39,87;
2208;30;0,20;33,42;
2208;150;0,20;37,83;
2208;250;0,20;40,00;
2208;300;0,20;40,90;
2208;400;0,20;42,32;
2208;500;0,19;41,33;
2217;30;0,26;17,94;
2217;150;0,25;19,10;
2217;250;0,25;20,00;
2217;300;0,25;20,12;
2217;400;0,25;20,57;
2217;500;0,25;20,91;
2219;30;0,24;23,15;
2219;150;0,23;25,29;
2219;250;0,23;26,53;
2219;300;0,23;26,77;
2219;400;0,23;27,53;
2219;500;0,23;28,04;
2220;30;0,23;20,98;
2220;150;0,23;23,48;
2220;250;0,23;24,71;
2220;300;0,23;24,96;
2220;400;0,23;25,46;
2220;500;0,23;25,97;
2222;30;0,24;21,24;
2222;150;0,24;24,25;
2222;250;0,23;24,31;
2222;300;0,23;24,67;
2222;400;0,23;25,40;
2222;500;0,23;25,77;
2224;30;0,24;22,41;
2224;150;0,23;24,69;
2224;250;0,23;25,54;
2224;300;0,23;25,92;
2224;400;0,23;26,41;
2224;500;0,23;26,91;
2227;40;0,19;46,61;
2227;100;0,19;48,15;
2227;300;0,19;53,21;
2227;-100;0,19;49,90;
2227;-40;0,19;48,81;
2228;40;0,18;45,53;
2228;100;0,18;48,13;
2228;300;0,18;52,06;
2228;-100;0,18;49,55;
2228;-40;0,18;47,49;
2241;40;0,19;44,00;
2241;100;0,19;45,23;
2241;300;0,19;50,17;
2241;-100;0,19;46,31;
2241;-40;0,19;44,31;
2242;40;0,18;41,58;
2242;100;0,18;43,80;
2242;300;0,17;46,36;
2242;-100;0,17;43,41;
2242;-40;0,17;41,66;
2243;40;0,32;10,34;2002,84
2243;80;0,32;10,60;1987,67
2243;150;0,32;10,81;1987,25
2243;200;0,32;10,85;1980,51
2243;300;0,31;10,66;1899,74
2243;400;0,31;10,80;1882,88
2245;40;0,31;10,43;2468,56
2245;80;0,31;10,66;2476,54
2245;150;0,31;10,94;2480,00
2245;200;0,31;11,03;2480,00
2245;300;0,30;10,80;2396,58
2245;400;0,30;10,95;2369,08
2247;40;0,31;10,83;3219,59
2247;80;0,30;10,81;3110,23
2247;150;0,30;10,99;3109,92
2247;200;0,30;11,12;3121,15
2247;300;0,30;11,21;3130,23
2247;400;0,30;11,30;3129,57
2250;40;0,29;12,33;812,91
2250;80;0,29;12,54;807,86
2250;150;0,29;12,76;801,56
2250;200;0,29;12,93;796,63
2250;300;0,29;13,03;793,68
2250;400;0,29;13,20;776,87
2251;40;0,26;16,78;57,20
2251;80;0,26;17,53;55,70
2251;150;0,26;18,18;53,81
2251;200;0,26;18,38;53,21
2251;300;0,25;17,99;50,23
2251;400;0,25;18,08;49,30
2253;40;0,24;21,42;15,02
2253;80;0,23;21,09;14,06
2253;150;0,23;22,15;14,04
2253;200;0,23;22,63;13,75
2253;300;0,23;23,37;13,58
2253;400;0,23;23,87;13,35
2255;40;0,24;22,89;19,69
2255;80;0,23;22,64;18,71
2255;150;0,23;23,60;18,18
2255;200;0,23;24,21;17,79
2255;300;0,23;25,08;17,49
2255;400;0,23;25,46;17,22
2262;330;0,21;38,11;
2263;330;0,17;60,98;
2264;330;0,21;46,74;
2265;330;0,21;46,56;
2266;330;0,19;49,79;
2267;330;0,15;119,32;
2268;330;0,15;131,27;
2270;30;;5,89;
2270;82;;6,14;
2270;162;;6,31;
2270;262;;6,40;
2270;404;;6,49;
2270;403;;6,56;
2270;804;;6,67;
2270;29;;6,03;
2270;82;;6,17;
2270;162;;6,28;
2270;262;;6,36;
2270;405;;6,45;
2270;563;;6,51;
2270;806;;6,64;
2271;30;;5,96;
2271;82;;6,16;
2271;163;;6,29;
2271;262;;6,35;
2271;406;;6,42;
2271;563;;6,48;
2271;805;;6,57;
2271;30;;6,07;
2271;83;;6,18;
2271;162;;6,27;
2271;262;;6,32;
2271;405;;6,38;
2271;564;;6,42;
2271;807;;6,49;
2272;31;;12,73;
2272;83;;13,17;
2272;170;;13,56;
2272;243;;13,83;
2272;400;;14,11;
2272;560;;14,26;
2272;812;;14,55;
2272;30;;13,17;
2272;82;;13,52;
2272;165;;13,78;
2272;253;;13,97;
2272;399;;14,21;
2272;439;;14,35;
2272;812;;14,61;
2273;31;;7,20;
2273;83;;7,41;
2273;163;;7,49;
2273;262;;7,56;
2273;405;;7,60;
2273;564;;7,66;
2273;806;;7,72;
2273;31;;7,10;
2273;82;;7,24;
2273;162;;7,37;
2273;261;;7,44;
2273;405;;7,51;
2273;562;;7,60;
2273;805;;7,66;
2275;30;;5,06;
2275;82;;5,59;
2275;162;;5,78;
2275;262;;5,94;
2275;405;;6,21;
2275;563;;6,46;
2275;806;;6,69;
2275;30;;6,59;
2275;83;;6,75;
2275;163;;6,84;
2275;262;;6,90;
2275;406;;6,99;
2275;564;;7,04;
2275;806;;7,14;
2276;30;;9,77;
2276;80;;10,15;
2276;161;;10,49;
2276;257;;10,72;
2276;398;;10,97;
2276;558;;11,17;
2276;803;;11,40;
2276;30;;10,12;
2276;80;;10,36;
2276;161;;10,62;
2276;258;;10,78;
2276;399;;10,98;
2276;559;;11,09;
2276;804;;11,31;
2306;30;0,27;;
2306;276;0,26;;
2306;496;0,26;;
2307;30;0,19;;
2307;276;0,18;;
2307;496;0,17;;
2308;30;0,35;;
2308;276;0,33;;
2308;496;0,33;;
2314;30;0,27;17,84;15,38
2314;100;0,27;20,88;14,40
2314;200;0,26;21,55;13,35
2314;280;0,26;22,12;12,82
2314;280;0,26;22,34;
2314;280;0,26;22,20;
2314;280;;24,63;
2314;280;0,26;22,91;12,58
2314;500;0,26;23,38;12,17
2314;600;0,26;23,72;12,10
2314;800;0,26;24,31;11,77
2316;30;0,31;15,85;10,94
2316;100;0,30;16,02;9,90
2316;200;0,30;16,67;9,49
2316;280;0,30;17,03;9,14
2316;280;0,30;17,33;
2316;280;0,30;17,33;
2316;280;;19,38;
2316;280;0,29;17,24;8,61
2316;500;0,29;17,61;8,52
2316;600;0,29;17,79;8,47
2316;800;0,29;18,05;8,27
2319;30;0,34;12,48;56,90
2319;100;0,33;12,95;53,27
2319;200;0,33;13,77;52,12
2319;280;0,33;14,09;51,10
2319;280;0,33;14,21;
2319;280;0,33;14,14;
2319;280;;16,50;
2319;280;0,33;15,23;49,62
2319;500;0,32;14,87;47,44
2319;600;0,32;15,77;46,99
2319;800;0,32;16,40;45,89
2320;30;0,26;22,98;1,60
2320;100;0,25;26,29;1,29
2320;200;0,25;29,03;1,18
2320;280;0,25;30,14;1,14
2320;280;0,25;30,17;
2320;280;0,25;30,31;
2320;280;;32,00;
2320;280;0,25;30,49;1,05
2320;500;0,24;32,35;0,93
2320;600;0,24;32,75;0,88
2320;800;0,24;36,18;0,83
2323;30;0,33;12,93;77,23
2323;100;0,33;13,68;75,08
2323;200;0,32;14,02;70,90
2323;280;0,32;14,30;68,77
2323;280;0,32;14,35;
2323;280;0,32;14,40;
2323;280;;18,63;
2323;280;0,32;14,97;63,09
2323;500;0,32;15,19;63,42
2323;600;0,32;15,25;62,84
2323;800;0,32;15,59;60,97
2326;30;0,36;11,37;138,20
2326;100;0,36;11,77;121,13
2326;200;0,36;12,00;106,29
2326;280;0,35;11,70;95,53
2326;280;0,35;11,74;
2326;280;0,35;11,89;
2326;280;;16,00;
2326;280;0,35;12,15;88,46
2326;500;0,35;12,08;91,90
2326;600;0,35;12,12;92,20
2326;800;0,35;12,20;90,29
2330;30;0,29;18,14;14,44
2330;100;0,29;20,36;13,02
2330;200;0,28;19,98;12,20
2330;280;0,28;20,30;12,37
2330;280;0,28;20,38;
2330;280;0,28;20,35;
2330;280;;23,00;
2330;280;0,28;21,44;11,31
2330;500;0,28;21,76;11,29
2330;600;0,28;21,97;11,09
2330;800;0,28;22,52;10,69
2331;30;0,28;19,02;10,20
2331;100;0,27;20,92;8,32
2331;200;0,27;22,60;7,99
2331;280;0,27;23,40;7,82
2331;280;0,26;22,52;
2331;280;0,26;22,63;
2331;280;;28,63;
2331;280;0,26;24,82;6,74
2331;500;0,26;25,29;6,20
2331;600;0,26;25,52;6,09
2331;800;0,26;25,88;5,98
2332;30;0,21;52,50;11,15
2332;100;0,21;55,24;11,05
2332;150;0,21;57,53;11,00
2332;200;0,20;55,98;10,41
2332;300;0,20;58,28;10,33
2332;500;0,20;61,11;10,16
2332;900;0,20;64,13;10,05
2332;1400;0,20;65,66;9,85
2333;30;0,27;25,85;23,88
2333;100;0,27;27,12;22,94
2333;150;0,27;27,70;22,81
2333;200;0,27;28,17;22,56
2333;300;0,27;28,76;22,30
2333;500;0,27;29,48;21,81
2333;900;0,27;30,45;20,93
2333;1400;0,26;30,29;19,15
2334;30;0,25;28,45;64,40
2334;100;0,25;30,92;62,56
2334;150;0,25;32,16;61,77
2334;200;0,25;32,77;60,92
2334;300;0,25;33,78;60,61
2334;500;0,24;33,29;57,29
2334;900;0,24;34,46;56,20
2334;1400;0,24;35,28;55,08
2335;30;0,23;44,40;0,76
2335;100;0,23;48,47;0,72
2335;150;0,23;51,47;0,71
2335;200;0,23;52,22;0,70
2335;300;0,22;51,65;0,66
2335;500;0,22;53,55;0,64
2335;900;0,22;55,73;0,62
2335;1400;0,22;57,60;0,60
2336;30;0,25;30,49;66,22
2336;100;0,24;31,33;60,77
2336;150;0,24;32,44;60,00
2336;200;0,24;33,15;58,69
2336;300;0,24;33,91;57,79
2336;500;0,24;34,68;57,36
2336;900;0,24;35,64;56,12
2336;1400;0,24;36,37;55,35
2337;30;0,24;28,75;86,02
2337;100;0,24;31,72;84,30
2337;150;0,24;32,97;82,30
2337;200;0,24;34,23;79,43
2337;300;0,24;34,65;79,10
2337;500;0,24;35,08;76,31
2337;900;0,23;34,68;70,91
2337;1400;0,23;35,28;69,36
2338;30;0,25;27,52;78,37
2338;100;0,25;29,98;74,88
2338;150;0,25;30,98;73,78
2338;200;0,24;30,59;68,24
2338;300;0,24;30,98;68,10
2338;500;0,24;31,37;66,77
2338;900;0,24;32,16;66,00
2338;1400;0,24;32,44;64,40
2339;30;0,24;31,59;128,57
2339;100;0,24;33,72;126,77
2339;150;0,24;34,34;124,31
2339;200;0,23;33,67;118,20
2339;300;0,23;34,38;115,95
2339;500;0,23;35,46;116,08
2339;900;0,23;36,13;113,92
2339;1400;0,23;36,99;111,59
2340;30;0,21;52,01;1,34
2340;100;0,15;61,77;1,39
2340;150;0,21;58,40;1,19
2340;200;0,21;60,38;1,08
2340;300;0,21;64,01;1,03
2340;500;0,20;65,61;0,91
2340;900;0,20;70,49;0,83
2340;1400;0,20;75,09;0,75
2341;30;0,22;59,20;0,32
2341;100;0,22;62,64;0,28
2341;150;0,22;66,25;0,27
2341;200;0,22;68,25;0,26
2341;300;0,22;71,63;0,25
2341;500;0,22;75,68;0,24
2341;900;0,21;75,87;0,22
2341;1400;0,21;78,23;0,22
2344;30;0,23;41,73;1,67
2344;100;0,23;46,24;1,53
2344;150;0,23;47,93;1,48
2344;200;0,23;49,63;1,44
2344;300;0,23;51,84;1,40
2344;500;0,23;53,71;1,37
2344;900;0,23;55,77;1,32
2344;1400;0,22;55,00;1,22
2345;30;0,23;48,21;2,14
2345;100;0,23;51,19;4,48
2345;150;0,23;52,31;4,43
2345;200;0,23;53,42;4,38
2345;300;0,23;55,20;4,31
2345;500;0,22;54,76;4,08
2345;900;0,22;56,26;3,96
2345;1400;0,22;57,61;3,85
2353;30;;14,13;
2354;30;;15,88;
2355;30;;33,00;
2356;30;;13,75;
2357;30;;18,13;
2358;30;;16,88;
2359;30;;14,00;
2360;30;;12,49;
2386;30;0,29;14,79;108,49
2386;100;0,29;15,61;105,05
2386;150;0,29;15,97;103,67
2386;200;0,29;16,27;102,09
2386;300;0,29;16,57;98,84
2386;500;0,28;16,31;91,87
2387;30;0,34;11,67;238,00
2387;100;0,34;12,33;225,90
2387;150;0,33;12,16;215,12
2387;200;0,33;12,21;211,34
2387;300;0,33;12,45;203,25
2387;500;0,33;12,81;184,62
2388;30;0,31;14,00;506,64
2388;100;0,30;14,48;466,67
2388;150;0,30;14,83;458,69
2388;200;0,30;15,00;452,33
2388;300;0,30;15,29;438,82
2388;500;0,29;15,19;388,97
2389;30;0,30;16,11;11,67
2389;100;0,29;16,87;10,62
2389;150;0,29;17,47;10,34
2389;200;0,29;17,89;10,02
2389;300;0,29;18,39;9,71
2389;500;0,28;18,36;8,77
2390;30;0,32;13,50;229,22
2390;100;0,32;14,43;216,44
2390;150;0,31;14,31;206,67
2390;200;0,31;14,47;201,73
2390;300;0,31;14,81;195,19
2390;500;0,31;15,21;178,80
2391;30;0,31;14,75;41,60
2391;100;0,30;15,34;38,64
2391;150;0,30;15,80;37,79
2391;200;0,30;15,98;36,78
2391;300;0,30;16,33;36,02
2391;500;0,30;16,88;34,34
2392;30;0,28;17,25;4,06
2392;100;0,27;18,63;3,45
2392;150;0,27;19,39;3,29
2392;200;0,27;19,80;3,18
2392;300;0,26;19,70;2,94
2392;500;0,26;20,66;2,75
2394;30;0,31;14,39;260,87
2394;100;0,30;14,94;213,62
2394;150;0,29;14,84;200,94
2394;200;0,29;15,02;197,15
2394;300;0,29;15,43;191,40
2394;500;0,29;15,85;174,94
2395;30;0,27;19,93;5,92
2395;100;0,27;21,96;5,78
2395;150;0,26;21,90;5,48
2395;200;0,26;22,34;5,38
2395;300;0,26;23,00;5,21
2395;500;0,25;23,23;4,71
2396;30;0,26;18,62;5,67
2396;100;0,25;21,27;5,08
2396;150;0,25;22,07;5,02
2396;200;0,24;21,74;4,79
2396;300;0,24;22,31;4,69
2396;500;0,23;22,76;4,35
2397;30;0,29;17,99;51,25
2397;100;0,28;19,66;42,18
2397;150;0,27;19,47;38,82
2397;200;0,27;19,99;37,75
2397;300;0,27;20,61;36,24
2397;500;0,26;20,66;34,13
2418;30;0,37;;
2418;100;0,36;;
2418;200;0,36;;
2418;300;0,35;;
2418;400;0,35;;
2419;30;0,34;8,24;13520,74
2419;100;0,33;8,43;12530,93
2419;200;0,33;8,67;11847,80
2419;300;0,33;8,80;11266,32
2419;400;0,32;8,62;10428,17
2420;30;0,37;7,11;4820,18
2420;100;0,36;7,21;4204,09
2420;200;0,36;7,49;3701,57
2420;300;0,36;7,60;3379,68
2420;400;0,36;7,76;3217,14
2421;30;0,39;6,25;2877,23
2421;100;0,38;6,47;2440,47
2421;200;0,38;6,70;2058,52
2421;300;0,38;6,87;1724,18
2421;400;0,37;6,79;1502,22
2422;30;0,34;;
2422;100;0,33;;
2422;200;0,32;;
2422;300;0,32;;
2422;400;0,32;;
2423;30;0,37;6,99;14387,39
2423;100;0,37;7,22;12531,20
2423;200;0,36;7,19;10905,88
2423;300;0,36;7,29;10074,39
2423;400;0,36;7,47;9486,39
2424;30;0,37;6,99;6637,30
2424;100;0,36;7,35;5526,79
2424;200;0,35;7,47;4707,17
2424;300;0,35;7,64;4279,90
2424;400;0,35;7,82;4089,00
2425;30;0,38;6,20;8676,48
2425;100;0,37;6,54;6411,07
2425;200;0,36;6,71;4856,07
2425;300;0,36;6,91;4080,00
2425;400;0,36;0,15;3728,73
2426;30;0,39;;
2426;100;0,38;;
2426;200;0,38;;
2426;300;0,37;;
2426;400;0,37;;
2427;30;0,35;8,59;589,71
2427;100;0,35;9,01;530,13
2427;200;0,34;9,09;448,84
2427;300;0,34;9,30;409,13
2427;400;0,34;9,56;353,74
2428;30;0,37;6,85;3431,92
2428;100;0,37;7,11;3229,09
2428;200;0,37;7,29;3057,01
2428;300;0,37;7,38;2686,47
2428;400;0,36;7,26;2198,89
2429;98;0,24;7,07;
2429;196;0,22;7,78;
2429;294;0,21;8,85;
2429;392;0,20;9,64;
2429;490;0,19;10,38;
2430;98;0,37;2,99;
2430;196;0,36;3,42;
2430;294;0,34;3,88;
2430;392;0,32;4,34;
2430;490;0,31;4,91;
2431;98;0,28;7,04;
2431;196;0,27;7,32;
2431;294;0,27;7,74;
2431;392;0,26;7,80;
2431;490;0,26;8,23;
2667;30;0,29;12,88;
2667;276;0,28;13,37;
2667;496;0,28;13,71;
2668;30;0,31;10,27;
2668;276;0,30;11,22;
2668;496;0,30;11,51;
2669;30;0,38;7,36;
2669;276;0,36;8,18;
2669;496;0,36;8,54;
2670;30;0,28;14,58;
2670;276;0,26;17,72;
2670;496;0,26;18,96;
2671;30;0,28;13,88;
2671;276;0,27;16,11;
2671;496;0,27;16,96;
2672;30;0,35;9,54;
2672;276;0,34;10,30;
2672;496;0,34;10,69;
2673;30;0,35;9,12;
2673;276;0,34;9,77;
2673;496;0,34;10,14;
2674;30;0,32;10,62;
2674;276;0,31;12,12;
2674;496;0,30;12,41;
2675;30;0,23;23,74;
2675;276;0,22;27,47;
2675;496;0,21;28,24;
2676;30;0,31;11,60;
2676;276;0,30;12,12;
2676;496;0,30;12,37;
2677;200;0,25;15,14;
2677;400;0,24;15,25;
2677;600;0,24;15,60;
2677;800;0,24;15,88;
2684;200;0,32;10,10;
2684;400;0,32;10,56;
2684;600;0,31;10,47;
2684;800;0,31;10,64;
2685;200;0,34;9,02;
2685;400;0,33;9,15;
2685;600;0,33;9,35;
2685;800;0,33;9,51;
2709;30;0,31;11,15;
2709;200;0,30;11,74;
2709;400;0,30;12,12;
2709;600;0,29;11,92;
2709;800;0,29;11,97;
2710;30;0,39;6,35;
2710;200;0,38;6,86;
2710;400;0,38;7,10;
2710;600;0,37;7,08;
2710;800;0,37;7,23;
2711;30;0,36;8,46;
2711;200;0,35;9,00;
2711;400;0,34;8,96;
2711;600;0,34;9,15;
2711;800;0,34;9,25;
2712;30;0,37;7,97;
2712;200;0,36;8,47;
2712;400;0,36;8,73;
2712;600;0,36;8,88;
2712;800;0,36;9,01;
2713;30;0,36;8,21;
2713;200;0,34;8,98;
2713;400;0,34;9,52;
2713;600;0,33;9,58;
2713;800;0,33;9,93;
2714;30;0,38;7,37;
2714;200;0,37;7,81;
2714;400;0,37;8,10;
2714;600;0,37;8,31;
2714;800;0,37;8,46;
2715;30;0,33;9,13;
2715;200;0,31;10,01;
2715;400;0,31;10,58;
2720;;0,35;;
2720;207;0,34;;
2720;414;0,34;;
2720;621;0,34;;
2720;827;0,33;;
2720;28;;;
2720;207;;;
2720;414;;;
2720;621;;;
2720;827;;;
2721;;0,36;;
2721;207;0,35;;
2721;414;0,35;;
2721;621;0,35;;
2721;827;0,35;;
2721;28;;;
2721;207;;;
2721;414;;;
2721;621;;;
2721;827;;;
2722;;0,40;;
2722;207;0,40;;
2722;414;0,39;;
2722;621;0,39;;
2722;827;0,39;;
2722;28;;;
2722;207;;;
2722;414;;;
2722;621;;;
2722;827;;;
2726;;0,28;11,40;
2726;28;0,28;12,13;
2726;207;0,27;14,03;
2726;414;0,26;14,51;
2726;621;0,26;15,41;
2726;827;0,26;15,67;
2726;28;;;
2726;207;;;
2726;414;;;
2726;621;;;
2726;827;;;
2727;;0,33;7,53;
2727;28;0,33;8,72;
2727;207;0,32;10,00;
2727;414;0,31;10,87;
2727;621;0,31;11,32;
2727;827;0,31;11,80;
2727;28;;;
2727;207;;;
2727;414;;;
2727;621;;;
2727;827;;;
2728;;0,30;10,00;
2728;28;0,30;10,99;
2728;207;0,27;13,50;
2728;414;0,27;15,00;
2728;621;0,26;14,94;
2728;827;0,26;15,46;
2728;28;;;
2728;207;;;
2728;414;;;
2728;621;;;
2728;827;;;
2729;;0,32;7,94;
2729;28;0,32;8,82;
2729;207;0,31;9,57;
2729;414;0,31;9,94;
2729;621;0,31;10,25;
2729;827;0,31;10,43;
2729;28;;;
2729;207;;;
2729;414;;;
2729;621;;;
2729;827;;;
2730;;0,34;7,45;
2730;28;0,34;8,67;
2730;207;0,32;10,33;
2730;414;0,31;11,36;
2730;621;0,31;12,01;
2730;827;0,31;12,68;
2730;28;;;
2730;207;;;
2730;414;;;
2730;621;;;
2730;827;;;
2741;30;0,24;24,72;38,81
2741;50;0,24;25,81;37,51
2741;100;0,24;27,69;36,92
2741;150;0,23;27,51;34,74
2741;200;0,23;28,51;34,26
2741;400;0,23;30,54;33,34
2741;600;0,23;31,86;32,47
2741;700;0,23;32,40;32,27
2743;30;0,22;27,28;303,58
2743;50;0,22;28,09;300,79
2743;100;0,22;29,29;295,43
2743;150;0,21;28,89;277,98
2743;200;0,21;29,55;273,49
2743;400;0,21;31,01;266,82
2743;600;0,21;31,69;259,70
2743;700;0,21;32,00;256,25
2745;30;0,23;28,84;67,51
2745;50;0,22;28,61;62,99
2745;100;0,22;30,14;61,26
2745;150;0,22;31,46;60,10
2745;200;0,22;32,26;59,33
2745;400;0,22;34,50;57,50
2745;600;0,21;34,28;53,95
2745;700;0,21;34,64;52,98
2750;30;0,20;68,13;11,90
2750;50;0,19;67,24;11,04
2750;100;0,19;73,52;10,63
2750;150;0,19;78,89;10,44
2750;200;0,19;82,97;10,29
2750;400;0,19;93,45;9,97
2750;600;0,19;99,59;9,79
2750;700;0,19;101,55;9,59
2753;30;0,22;38,53;29,05
2753;50;0,22;40,19;28,02
2753;100;0,22;43,50;27,15
2753;150;0,21;43,45;25,10
2753;200;0,21;45,05;24,66
2753;400;0,21;48,96;24,11
2753;600;0,21;50,88;23,38
2753;700;0,21;51,81;23,14
2758;;0,21;41,01;
2758;28;0,21;44,11;
2758;28;0,21;45,23;
2758;138;0,21;49,00;
2758;414;0,20;52,80;
2758;414;0,20;56,65;
2759;;0,19;41,95;
2759;28;0,19;44,66;
2759;28;0,19;48,73;
2759;138;0,19;50,83;
2759;414;0,19;59,20;
2759;414;0,19;69,28;
2760;;0,13;145,38;
2760;28;0,13;152,37;
2760;28;0,13;153,76;
2760;138;0,13;166,74;
2760;414;0,13;195,00;
2760;414;0,13;208,00;
2761;;0,12;138,00;
2761;28;0,12;146,15;
2761;28;0,12;155,38;
2761;138;0,12;169,60;
2761;414;0,11;185,34;
2761;414;0,11;212,47;
2762;;0,10;275,81;
2762;28;0,10;287,10;
2762;28;0,10;283,87;
2762;138;0,10;341,67;
2762;414;0,10;452,54;
2762;414;0,10;488,14;
2763;;0,10;221,88;
2763;28;0,10;265,63;
2763;28;0,10;260,94;
2763;138;0,10;368,85;
2763;414;0,10;467,80;
2763;414;0,10;435,59;
2764;;0,12;183,90;
2764;28;0,12;197,92;
2764;28;0,12;194,81;
2764;138;0,12;244,80;
2764;414;0,11;291,81;
2764;414;0,11;311,67;
2765;;0,10;394,55;
2765;28;0,10;427,27;
2765;28;0,10;430,91;
2765;138;0,09;475,47;
2765;414;0,09;672,35;
2765;414;0,09;734,12;
2766;;0,17;72,97;
2766;28;0,17;78,59;
2766;28;0,17;80,55;
2766;138;0,17;93,37;
2766;414;0,16;107,80;
2766;414;0,16;112,79;
2767;;0,13;150,97;
2767;28;0,13;164,95;
2767;28;0,13;166,34;
2767;138;0,13;201,43;
2767;414;0,13;241,22;
2767;414;0,13;242,67;
2768;;0,13;129,30;
2768;28;0,13;141,18;
2768;28;0,13;145,38;
2768;138;0,13;182,00;
2768;414;0,13;234,89;
2768;414;0,13;234,89;
2769;;0,17;86,95;
2769;28;0,17;92,53;
2769;28;0,17;94,08;
2769;138;0,17;111,09;
2769;414;0,17;138,97;
2769;414;0,17;143,02;
2770;;0,21;35,25;
2770;28;0,21;38,05;
2770;28;0,21;39,58;
2770;138;0,20;41,49;
2770;414;0,20;45,66;
2770;414;0,20;48,30;
2771;;0,10;296,67;
2771;28;0,10;320,00;
2771;28;0,10;336,67;
2771;138;0,10;387,93;
2771;414;0,10;518,18;
2771;414;0,10;587,27;
2772;;0,19;43,88;
2772;28;0,19;47,25;
2772;28;0,19;50,50;
2772;138;0,18;53,75;
2772;414;0,18;61,71;
2772;414;0,18;65,57;
2773;;0,15;126,03;
2773;28;0,15;136,68;
2773;28;0,15;141,59;
2773;138;0,14;156,15;
2773;414;0,14;194,90;
2773;414;0,14;207,25;
2826;28;0,27;29,25;
2826;138;0,26;31,06;
2826;414;0,26;31,67;
2826;552;0,26;31,94;
2826;-414;;;
2826;-138;;;
2826;-28;;;
2827;28;0,28;;
2827;138;0,28;;
2827;414;0,27;;
2827;552;0,27;;
2827;-414;;;
2827;-138;;;
2827;-28;0,28;;
2828;28;0,21;46,43;
2828;138;0,20;53,21;
2828;414;0,20;55,90;
2828;552;0,20;56,77;
2828;-414;;;
2828;-138;;;
2828;-28;;;
2829;28;0,26;25,65;
2829;138;0,25;27,22;
2829;414;0,25;27,71;
2829;552;0,25;28,08;
2829;-414;;;
2829;-138;;;
2829;-28;;;
2830;28;0,25;;
2830;138;0,24;;
2830;414;0,24;;
2830;552;0,24;;
2830;-414;;;
2830;-138;;;
2830;-28;0,24;;
2832;28;0,24;;
2832;138;0,23;;
2832;414;0,23;;
2832;552;0,23;;
2832;-414;0,23;;
2832;-138;0,23;;
2832;-28;0,24;;
2833;28;0,24;30,37;
2833;138;0,23;34,13;
2833;414;0,23;35,06;
2833;552;0,22;33,84;
2833;-414;;;
2833;-138;;;
2833;-28;;;
2834;28;0,22;27,05;
2834;138;0,22;31,25;
2834;414;0,22;32,06;
2834;552;0,21;31,38;
2834;-414;;;
2834;-138;;;
2834;-28;;;
2835;28;0,24;;
2835;138;0,23;;
2835;414;0,23;;
2835;552;0,22;;
2835;-414;;;
2835;-138;;;
2835;-28;0,23;;
2837;28;0,22;;
2837;138;0,22;;
2837;414;0,22;;
2837;552;0,22;;
2837;-414;;;
2837;-138;;;
2837;-28;0,22;;
2838;28;0,23;;
2838;138;0,23;;
2838;414;0,23;;
2838;552;0,23;;
2838;-414;0,23;;
2838;-138;0,23;;
2838;-28;0,23;;
2840;28;0,23;25,50;
2840;138;0,23;28,41;
2840;414;0,23;29,68;
2840;552;0,23;29,96;
2840;-414;;;
2840;-138;;;
2840;-28;;;
2841;28;0,23;;
2841;138;0,23;;
2841;414;0,23;;
2841;552;0,22;;
2841;-414;;;
2841;-138;;;
2841;-28;0,23;;
2842;28;0,29;17,05;
2842;138;0,28;17,98;
2842;414;0,28;18,17;
2842;552;0,28;18,36;
2842;-414;;;
2842;-138;;;
2842;-28;;;
2843;28;0,29;;
2843;138;0,29;;
2843;414;0,29;;
2843;552;0,29;;
2843;-414;0,23;;
2843;-138;0,23;;
2843;-28;0,29;;
2844;28;0,30;16,80;
2844;138;0,29;17,94;
2844;414;0,29;18,20;
2844;552;0,29;18,39;
2844;-414;;;
2844;-138;;;
2844;-28;;;
2845;28;0,29;;
2845;138;0,29;;
2845;414;0,28;;
2845;552;0,28;;
2845;-414;0,28;;
2845;-138;0,29;;
2845;-28;0,29;;
2846;28;0,29;15,41;
2846;138;0,29;16,86;
2846;414;0,28;16,64;
2846;552;0,28;16,64;
2846;-414;;;
2846;-138;;;
2846;-28;;;
2847;28;0,30;;
2847;138;0,29;;
2847;414;0,29;;
2847;552;0,29;;
2847;-414;0,28;;
2847;-138;0,29;;
2847;-28;0,30;;
2848;28;0,23;;
2848;138;0,22;;
2848;414;0,22;;
2848;552;0,22;;
2848;-414;;;
2848;-138;;;
2848;-28;0,22;;
2849;28;0,22;26,42;
2849;138;0,21;28,98;
2849;414;0,21;29,95;
2849;552;0,21;30,13;
2849;-414;;;
2849;-138;;;
2849;-28;;;
2850;28;0,29;16,39;
2850;138;0,28;17,97;
2850;414;0,28;18,35;
2850;552;0,28;18,43;
2850;-414;;;
2850;-138;;;
2850;-28;;;
2851;28;0,29;;
2851;138;0,29;;
2851;414;0,28;;
2851;552;0,28;;
2851;-414;;;
2851;-138;;;
2851;-28;0,29;;
2852;28;0,31;15,09;
2852;138;0,30;15,98;
2852;414;0,30;16,16;
2852;552;0,30;16,34;
2852;-414;;;
2852;-138;;;
2852;-28;;;
